ISO-10303-21;
HEADER;
FILE_DESCRIPTION(('Open CASCADE Model'),'2;1');
FILE_NAME('Open CASCADE Shape Model','2026-09-19T12:27:58',('Author'),(
    'Open CASCADE'),'Open CASCADE STEP processor 7.7','Open CASCADE 7.7'
  ,'Unknown');
FILE_SCHEMA(('AUTOMOTIVE_DESIGN { 1 0 10303 214 1 1 1 1 }'));
ENDSEC;
DATA;
#1 = APPLICATION_PROTOCOL_DEFINITION('international standard',
  'automotive_design',2000,#2);
#2 = APPLICATION_CONTEXT(
  'core data for automotive mechanical design processes');
#3 = SHAPE_DEFINITION_REPRESENTATION(#4,#10);
#4 = PRODUCT_DEFINITION_SHAPE('','',#5);
#5 = PRODUCT_DEFINITION('design','',#6,#9);
#6 = PRODUCT_DEFINITION_FORMATION('','',#7);
#7 = PRODUCT('SOLID','SOLID','',(#8));
#8 = PRODUCT_CONTEXT('',#2,'mechanical');
#9 = PRODUCT_DEFINITION_CONTEXT('part definition',#2,'design');
#10 = ADVANCED_BREP_SHAPE_REPRESENTATION('',(#11,#15),#3654);
#11 = AXIS2_PLACEMENT_3D('',#12,#13,#14);
#12 = CARTESIAN_POINT('',(0.,0.,0.));
#13 = DIRECTION('',(0.,0.,1.));
#14 = DIRECTION('',(1.,0.,-0.));
#15 = MANIFOLD_SOLID_BREP('',#16);
#16 = CLOSED_SHELL('',(#17,#137,#215,#293,#370,#545,#571,#597,#677,#726,
    #999,#1077,#1184,#1233,#1389,#1581,#1608,#1968,#2017,#2066,#2122,
    #2150,#2177,#2184,#2189,#2194,#2412,#2461,#2658,#2663,#2690,#2816,
    #2886,#2893,#3020,#3025,#3098,#3105,#3153,#3282,#3420,#3469,#3519,
    #3568,#3618,#3645));
#17 = ADVANCED_FACE('',(#18),#32,.T.);
#18 = FACE_BOUND('',#19,.T.);
#19 = EDGE_LOOP('',(#20,#55,#83,#111));
#20 = ORIENTED_EDGE('',*,*,#21,.T.);
#21 = EDGE_CURVE('',#22,#24,#26,.T.);
#22 = VERTEX_POINT('',#23);
#23 = CARTESIAN_POINT('',(-38.,-15.,0.));
#24 = VERTEX_POINT('',#25);
#25 = CARTESIAN_POINT('',(-38.,-15.,4.));
#26 = SURFACE_CURVE('',#27,(#31,#43),.PCURVE_S1.);
#27 = LINE('',#28,#29);
#28 = CARTESIAN_POINT('',(-38.,-15.,0.));
#29 = VECTOR('',#30,1.);
#30 = DIRECTION('',(0.,0.,1.));
#31 = PCURVE('',#32,#37);
#32 = PLANE('',#33);
#33 = AXIS2_PLACEMENT_3D('',#34,#35,#36);
#34 = CARTESIAN_POINT('',(-38.,-15.,0.));
#35 = DIRECTION('',(-1.,0.,0.));
#36 = DIRECTION('',(0.,1.,0.));
#37 = DEFINITIONAL_REPRESENTATION('',(#38),#42);
#38 = LINE('',#39,#40);
#39 = CARTESIAN_POINT('',(0.,0.));
#40 = VECTOR('',#41,1.);
#41 = DIRECTION('',(0.,-1.));
#42 = ( GEOMETRIC_REPRESENTATION_CONTEXT(2) 
PARAMETRIC_REPRESENTATION_CONTEXT() REPRESENTATION_CONTEXT('2D SPACE',''
  ) );
#43 = PCURVE('',#44,#49);
#44 = CYLINDRICAL_SURFACE('',#45,8.);
#45 = AXIS2_PLACEMENT_3D('',#46,#47,#48);
#46 = CARTESIAN_POINT('',(-30.,-15.,0.));
#47 = DIRECTION('',(-0.,-0.,-1.));
#48 = DIRECTION('',(1.,0.,0.));
#49 = DEFINITIONAL_REPRESENTATION('',(#50),#54);
#50 = LINE('',#51,#52);
#51 = CARTESIAN_POINT('',(-3.14159265359,0.));
#52 = VECTOR('',#53,1.);
#53 = DIRECTION('',(-0.,-1.));
#54 = ( GEOMETRIC_REPRESENTATION_CONTEXT(2) 
PARAMETRIC_REPRESENTATION_CONTEXT() REPRESENTATION_CONTEXT('2D SPACE',''
  ) );
#55 = ORIENTED_EDGE('',*,*,#56,.T.);
#56 = EDGE_CURVE('',#24,#57,#59,.T.);
#57 = VERTEX_POINT('',#58);
#58 = CARTESIAN_POINT('',(-38.,31.,4.));
#59 = SURFACE_CURVE('',#60,(#64,#71),.PCURVE_S1.);
#60 = LINE('',#61,#62);
#61 = CARTESIAN_POINT('',(-38.,8.,4.));
#62 = VECTOR('',#63,1.);
#63 = DIRECTION('',(0.,1.,0.));
#64 = PCURVE('',#32,#65);
#65 = DEFINITIONAL_REPRESENTATION('',(#66),#70);
#66 = LINE('',#67,#68);
#67 = CARTESIAN_POINT('',(23.,-4.));
#68 = VECTOR('',#69,1.);
#69 = DIRECTION('',(1.,0.));
#70 = ( GEOMETRIC_REPRESENTATION_CONTEXT(2) 
PARAMETRIC_REPRESENTATION_CONTEXT() REPRESENTATION_CONTEXT('2D SPACE',''
  ) );
#71 = PCURVE('',#72,#77);
#72 = PLANE('',#73);
#73 = AXIS2_PLACEMENT_3D('',#74,#75,#76);
#74 = CARTESIAN_POINT('',(0.,8.,4.));
#75 = DIRECTION('',(0.,0.,1.));
#76 = DIRECTION('',(1.,0.,0.));
#77 = DEFINITIONAL_REPRESENTATION('',(#78),#82);
#78 = LINE('',#79,#80);
#79 = CARTESIAN_POINT('',(-38.,0.));
#80 = VECTOR('',#81,1.);
#81 = DIRECTION('',(0.,1.));
#82 = ( GEOMETRIC_REPRESENTATION_CONTEXT(2) 
PARAMETRIC_REPRESENTATION_CONTEXT() REPRESENTATION_CONTEXT('2D SPACE',''
  ) );
#83 = ORIENTED_EDGE('',*,*,#84,.F.);
#84 = EDGE_CURVE('',#85,#57,#87,.T.);
#85 = VERTEX_POINT('',#86);
#86 = CARTESIAN_POINT('',(-38.,31.,0.));
#87 = SURFACE_CURVE('',#88,(#92,#99),.PCURVE_S1.);
#88 = LINE('',#89,#90);
#89 = CARTESIAN_POINT('',(-38.,31.,0.));
#90 = VECTOR('',#91,1.);
#91 = DIRECTION('',(0.,0.,1.));
#92 = PCURVE('',#32,#93);
#93 = DEFINITIONAL_REPRESENTATION('',(#94),#98);
#94 = LINE('',#95,#96);
#95 = CARTESIAN_POINT('',(46.,0.));
#96 = VECTOR('',#97,1.);
#97 = DIRECTION('',(0.,-1.));
#98 = ( GEOMETRIC_REPRESENTATION_CONTEXT(2) 
PARAMETRIC_REPRESENTATION_CONTEXT() REPRESENTATION_CONTEXT('2D SPACE',''
  ) );
#99 = PCURVE('',#100,#105);
#100 = CYLINDRICAL_SURFACE('',#101,8.);
#101 = AXIS2_PLACEMENT_3D('',#102,#103,#104);
#102 = CARTESIAN_POINT('',(-30.,31.,0.));
#103 = DIRECTION('',(-0.,-0.,-1.));
#104 = DIRECTION('',(1.,0.,0.));
#105 = DEFINITIONAL_REPRESENTATION('',(#106),#110);
#106 = LINE('',#107,#108);
#107 = CARTESIAN_POINT('',(-3.14159265359,0.));
#108 = VECTOR('',#109,1.);
#109 = DIRECTION('',(-0.,-1.));
#110 = ( GEOMETRIC_REPRESENTATION_CONTEXT(2) 
PARAMETRIC_REPRESENTATION_CONTEXT() REPRESENTATION_CONTEXT('2D SPACE',''
  ) );
#111 = ORIENTED_EDGE('',*,*,#112,.F.);
#112 = EDGE_CURVE('',#22,#85,#113,.T.);
#113 = SURFACE_CURVE('',#114,(#118,#125),.PCURVE_S1.);
#114 = LINE('',#115,#116);
#115 = CARTESIAN_POINT('',(-38.,8.,0.));
#116 = VECTOR('',#117,1.);
#117 = DIRECTION('',(0.,1.,0.));
#118 = PCURVE('',#32,#119);
#119 = DEFINITIONAL_REPRESENTATION('',(#120),#124);
#120 = LINE('',#121,#122);
#121 = CARTESIAN_POINT('',(23.,0.));
#122 = VECTOR('',#123,1.);
#123 = DIRECTION('',(1.,0.));
#124 = ( GEOMETRIC_REPRESENTATION_CONTEXT(2) 
PARAMETRIC_REPRESENTATION_CONTEXT() REPRESENTATION_CONTEXT('2D SPACE',''
  ) );
#125 = PCURVE('',#126,#131);
#126 = PLANE('',#127);
#127 = AXIS2_PLACEMENT_3D('',#128,#129,#130);
#128 = CARTESIAN_POINT('',(0.,8.,0.));
#129 = DIRECTION('',(0.,0.,1.));
#130 = DIRECTION('',(1.,0.,0.));
#131 = DEFINITIONAL_REPRESENTATION('',(#132),#136);
#132 = LINE('',#133,#134);
#133 = CARTESIAN_POINT('',(-38.,0.));
#134 = VECTOR('',#135,1.);
#135 = DIRECTION('',(0.,1.));
#136 = ( GEOMETRIC_REPRESENTATION_CONTEXT(2) 
PARAMETRIC_REPRESENTATION_CONTEXT() REPRESENTATION_CONTEXT('2D SPACE',''
  ) );
#137 = ADVANCED_FACE('',(#138),#44,.T.);
#138 = FACE_BOUND('',#139,.F.);
#139 = EDGE_LOOP('',(#140,#141,#165,#193));
#140 = ORIENTED_EDGE('',*,*,#21,.T.);
#141 = ORIENTED_EDGE('',*,*,#142,.T.);
#142 = EDGE_CURVE('',#24,#143,#145,.T.);
#143 = VERTEX_POINT('',#144);
#144 = CARTESIAN_POINT('',(-30.,-23.,4.));
#145 = SURFACE_CURVE('',#146,(#151,#158),.PCURVE_S1.);
#146 = CIRCLE('',#147,8.);
#147 = AXIS2_PLACEMENT_3D('',#148,#149,#150);
#148 = CARTESIAN_POINT('',(-30.,-15.,4.));
#149 = DIRECTION('',(0.,0.,1.));
#150 = DIRECTION('',(1.,0.,0.));
#151 = PCURVE('',#44,#152);
#152 = DEFINITIONAL_REPRESENTATION('',(#153),#157);
#153 = LINE('',#154,#155);
#154 = CARTESIAN_POINT('',(-0.,-4.));
#155 = VECTOR('',#156,1.);
#156 = DIRECTION('',(-1.,0.));
#157 = ( GEOMETRIC_REPRESENTATION_CONTEXT(2) 
PARAMETRIC_REPRESENTATION_CONTEXT() REPRESENTATION_CONTEXT('2D SPACE',''
  ) );
#158 = PCURVE('',#72,#159);
#159 = DEFINITIONAL_REPRESENTATION('',(#160),#164);
#160 = CIRCLE('',#161,8.);
#161 = AXIS2_PLACEMENT_2D('',#162,#163);
#162 = CARTESIAN_POINT('',(-30.,-23.));
#163 = DIRECTION('',(1.,0.));
#164 = ( GEOMETRIC_REPRESENTATION_CONTEXT(2) 
PARAMETRIC_REPRESENTATION_CONTEXT() REPRESENTATION_CONTEXT('2D SPACE',''
  ) );
#165 = ORIENTED_EDGE('',*,*,#166,.F.);
#166 = EDGE_CURVE('',#167,#143,#169,.T.);
#167 = VERTEX_POINT('',#168);
#168 = CARTESIAN_POINT('',(-30.,-23.,0.));
#169 = SURFACE_CURVE('',#170,(#174,#181),.PCURVE_S1.);
#170 = LINE('',#171,#172);
#171 = CARTESIAN_POINT('',(-30.,-23.,0.));
#172 = VECTOR('',#173,1.);
#173 = DIRECTION('',(0.,0.,1.));
#174 = PCURVE('',#44,#175);
#175 = DEFINITIONAL_REPRESENTATION('',(#176),#180);
#176 = LINE('',#177,#178);
#177 = CARTESIAN_POINT('',(-4.712388980385,0.));
#178 = VECTOR('',#179,1.);
#179 = DIRECTION('',(-0.,-1.));
#180 = ( GEOMETRIC_REPRESENTATION_CONTEXT(2) 
PARAMETRIC_REPRESENTATION_CONTEXT() REPRESENTATION_CONTEXT('2D SPACE',''
  ) );
#181 = PCURVE('',#182,#187);
#182 = PLANE('',#183);
#183 = AXIS2_PLACEMENT_3D('',#184,#185,#186);
#184 = CARTESIAN_POINT('',(-30.,-23.,0.));
#185 = DIRECTION('',(0.,1.,0.));
#186 = DIRECTION('',(1.,0.,0.));
#187 = DEFINITIONAL_REPRESENTATION('',(#188),#192);
#188 = LINE('',#189,#190);
#189 = CARTESIAN_POINT('',(0.,0.));
#190 = VECTOR('',#191,1.);
#191 = DIRECTION('',(0.,-1.));
#192 = ( GEOMETRIC_REPRESENTATION_CONTEXT(2) 
PARAMETRIC_REPRESENTATION_CONTEXT() REPRESENTATION_CONTEXT('2D SPACE',''
  ) );
#193 = ORIENTED_EDGE('',*,*,#194,.F.);
#194 = EDGE_CURVE('',#22,#167,#195,.T.);
#195 = SURFACE_CURVE('',#196,(#201,#208),.PCURVE_S1.);
#196 = CIRCLE('',#197,8.);
#197 = AXIS2_PLACEMENT_3D('',#198,#199,#200);
#198 = CARTESIAN_POINT('',(-30.,-15.,0.));
#199 = DIRECTION('',(0.,0.,1.));
#200 = DIRECTION('',(1.,0.,0.));
#201 = PCURVE('',#44,#202);
#202 = DEFINITIONAL_REPRESENTATION('',(#203),#207);
#203 = LINE('',#204,#205);
#204 = CARTESIAN_POINT('',(-0.,0.));
#205 = VECTOR('',#206,1.);
#206 = DIRECTION('',(-1.,0.));
#207 = ( GEOMETRIC_REPRESENTATION_CONTEXT(2) 
PARAMETRIC_REPRESENTATION_CONTEXT() REPRESENTATION_CONTEXT('2D SPACE',''
  ) );
#208 = PCURVE('',#126,#209);
#209 = DEFINITIONAL_REPRESENTATION('',(#210),#214);
#210 = CIRCLE('',#211,8.);
#211 = AXIS2_PLACEMENT_2D('',#212,#213);
#212 = CARTESIAN_POINT('',(-30.,-23.));
#213 = DIRECTION('',(1.,0.));
#214 = ( GEOMETRIC_REPRESENTATION_CONTEXT(2) 
PARAMETRIC_REPRESENTATION_CONTEXT() REPRESENTATION_CONTEXT('2D SPACE',''
  ) );
#215 = ADVANCED_FACE('',(#216),#100,.T.);
#216 = FACE_BOUND('',#217,.F.);
#217 = EDGE_LOOP('',(#218,#248,#270,#271));
#218 = ORIENTED_EDGE('',*,*,#219,.T.);
#219 = EDGE_CURVE('',#220,#222,#224,.T.);
#220 = VERTEX_POINT('',#221);
#221 = CARTESIAN_POINT('',(-30.,39.,0.));
#222 = VERTEX_POINT('',#223);
#223 = CARTESIAN_POINT('',(-30.,39.,4.));
#224 = SURFACE_CURVE('',#225,(#229,#236),.PCURVE_S1.);
#225 = LINE('',#226,#227);
#226 = CARTESIAN_POINT('',(-30.,39.,0.));
#227 = VECTOR('',#228,1.);
#228 = DIRECTION('',(0.,0.,1.));
#229 = PCURVE('',#100,#230);
#230 = DEFINITIONAL_REPRESENTATION('',(#231),#235);
#231 = LINE('',#232,#233);
#232 = CARTESIAN_POINT('',(-1.570796326795,0.));
#233 = VECTOR('',#234,1.);
#234 = DIRECTION('',(-0.,-1.));
#235 = ( GEOMETRIC_REPRESENTATION_CONTEXT(2) 
PARAMETRIC_REPRESENTATION_CONTEXT() REPRESENTATION_CONTEXT('2D SPACE',''
  ) );
#236 = PCURVE('',#237,#242);
#237 = PLANE('',#238);
#238 = AXIS2_PLACEMENT_3D('',#239,#240,#241);
#239 = CARTESIAN_POINT('',(-30.,39.,0.));
#240 = DIRECTION('',(0.,1.,0.));
#241 = DIRECTION('',(1.,0.,0.));
#242 = DEFINITIONAL_REPRESENTATION('',(#243),#247);
#243 = LINE('',#244,#245);
#244 = CARTESIAN_POINT('',(0.,0.));
#245 = VECTOR('',#246,1.);
#246 = DIRECTION('',(0.,-1.));
#247 = ( GEOMETRIC_REPRESENTATION_CONTEXT(2) 
PARAMETRIC_REPRESENTATION_CONTEXT() REPRESENTATION_CONTEXT('2D SPACE',''
  ) );
#248 = ORIENTED_EDGE('',*,*,#249,.T.);
#249 = EDGE_CURVE('',#222,#57,#250,.T.);
#250 = SURFACE_CURVE('',#251,(#256,#263),.PCURVE_S1.);
#251 = CIRCLE('',#252,8.);
#252 = AXIS2_PLACEMENT_3D('',#253,#254,#255);
#253 = CARTESIAN_POINT('',(-30.,31.,4.));
#254 = DIRECTION('',(0.,0.,1.));
#255 = DIRECTION('',(1.,0.,0.));
#256 = PCURVE('',#100,#257);
#257 = DEFINITIONAL_REPRESENTATION('',(#258),#262);
#258 = LINE('',#259,#260);
#259 = CARTESIAN_POINT('',(-0.,-4.));
#260 = VECTOR('',#261,1.);
#261 = DIRECTION('',(-1.,0.));
#262 = ( GEOMETRIC_REPRESENTATION_CONTEXT(2) 
PARAMETRIC_REPRESENTATION_CONTEXT() REPRESENTATION_CONTEXT('2D SPACE',''
  ) );
#263 = PCURVE('',#72,#264);
#264 = DEFINITIONAL_REPRESENTATION('',(#265),#269);
#265 = CIRCLE('',#266,8.);
#266 = AXIS2_PLACEMENT_2D('',#267,#268);
#267 = CARTESIAN_POINT('',(-30.,23.));
#268 = DIRECTION('',(1.,0.));
#269 = ( GEOMETRIC_REPRESENTATION_CONTEXT(2) 
PARAMETRIC_REPRESENTATION_CONTEXT() REPRESENTATION_CONTEXT('2D SPACE',''
  ) );
#270 = ORIENTED_EDGE('',*,*,#84,.F.);
#271 = ORIENTED_EDGE('',*,*,#272,.F.);
#272 = EDGE_CURVE('',#220,#85,#273,.T.);
#273 = SURFACE_CURVE('',#274,(#279,#286),.PCURVE_S1.);
#274 = CIRCLE('',#275,8.);
#275 = AXIS2_PLACEMENT_3D('',#276,#277,#278);
#276 = CARTESIAN_POINT('',(-30.,31.,0.));
#277 = DIRECTION('',(0.,0.,1.));
#278 = DIRECTION('',(1.,0.,0.));
#279 = PCURVE('',#100,#280);
#280 = DEFINITIONAL_REPRESENTATION('',(#281),#285);
#281 = LINE('',#282,#283);
#282 = CARTESIAN_POINT('',(-0.,0.));
#283 = VECTOR('',#284,1.);
#284 = DIRECTION('',(-1.,0.));
#285 = ( GEOMETRIC_REPRESENTATION_CONTEXT(2) 
PARAMETRIC_REPRESENTATION_CONTEXT() REPRESENTATION_CONTEXT('2D SPACE',''
  ) );
#286 = PCURVE('',#126,#287);
#287 = DEFINITIONAL_REPRESENTATION('',(#288),#292);
#288 = CIRCLE('',#289,8.);
#289 = AXIS2_PLACEMENT_2D('',#290,#291);
#290 = CARTESIAN_POINT('',(-30.,23.));
#291 = DIRECTION('',(1.,0.));
#292 = ( GEOMETRIC_REPRESENTATION_CONTEXT(2) 
PARAMETRIC_REPRESENTATION_CONTEXT() REPRESENTATION_CONTEXT('2D SPACE',''
  ) );
#293 = ADVANCED_FACE('',(#294),#126,.F.);
#294 = FACE_BOUND('',#295,.F.);
#295 = EDGE_LOOP('',(#296,#297,#298,#321,#348,#369));
#296 = ORIENTED_EDGE('',*,*,#112,.F.);
#297 = ORIENTED_EDGE('',*,*,#194,.T.);
#298 = ORIENTED_EDGE('',*,*,#299,.T.);
#299 = EDGE_CURVE('',#167,#300,#302,.T.);
#300 = VERTEX_POINT('',#301);
#301 = CARTESIAN_POINT('',(-15.,-23.,0.));
#302 = SURFACE_CURVE('',#303,(#307,#314),.PCURVE_S1.);
#303 = LINE('',#304,#305);
#304 = CARTESIAN_POINT('',(0.,-23.,0.));
#305 = VECTOR('',#306,1.);
#306 = DIRECTION('',(1.,0.,0.));
#307 = PCURVE('',#126,#308);
#308 = DEFINITIONAL_REPRESENTATION('',(#309),#313);
#309 = LINE('',#310,#311);
#310 = CARTESIAN_POINT('',(0.,-31.));
#311 = VECTOR('',#312,1.);
#312 = DIRECTION('',(1.,0.));
#313 = ( GEOMETRIC_REPRESENTATION_CONTEXT(2) 
PARAMETRIC_REPRESENTATION_CONTEXT() REPRESENTATION_CONTEXT('2D SPACE',''
  ) );
#314 = PCURVE('',#182,#315);
#315 = DEFINITIONAL_REPRESENTATION('',(#316),#320);
#316 = LINE('',#317,#318);
#317 = CARTESIAN_POINT('',(30.,0.));
#318 = VECTOR('',#319,1.);
#319 = DIRECTION('',(1.,0.));
#320 = ( GEOMETRIC_REPRESENTATION_CONTEXT(2) 
PARAMETRIC_REPRESENTATION_CONTEXT() REPRESENTATION_CONTEXT('2D SPACE',''
  ) );
#321 = ORIENTED_EDGE('',*,*,#322,.T.);
#322 = EDGE_CURVE('',#300,#323,#325,.T.);
#323 = VERTEX_POINT('',#324);
#324 = CARTESIAN_POINT('',(-15.,39.,0.));
#325 = SURFACE_CURVE('',#326,(#330,#336),.PCURVE_S1.);
#326 = LINE('',#327,#328);
#327 = CARTESIAN_POINT('',(-15.,-8.,0.));
#328 = VECTOR('',#329,1.);
#329 = DIRECTION('',(0.,1.,0.));
#330 = PCURVE('',#126,#331);
#331 = DEFINITIONAL_REPRESENTATION('',(#332),#335);
#332 = B_SPLINE_CURVE_WITH_KNOTS('',1,(#333,#334),.UNSPECIFIED.,.F.,.F.,
  (2,2),(-15.,47.),.PIECEWISE_BEZIER_KNOTS.);
#333 = CARTESIAN_POINT('',(-15.,-31.));
#334 = CARTESIAN_POINT('',(-15.,31.));
#335 = ( GEOMETRIC_REPRESENTATION_CONTEXT(2) 
PARAMETRIC_REPRESENTATION_CONTEXT() REPRESENTATION_CONTEXT('2D SPACE',''
  ) );
#336 = PCURVE('',#337,#342);
#337 = PLANE('',#338);
#338 = AXIS2_PLACEMENT_3D('',#339,#340,#341);
#339 = CARTESIAN_POINT('',(-15.,-24.,-1.));
#340 = DIRECTION('',(1.,0.,0.));
#341 = DIRECTION('',(0.,0.,1.));
#342 = DEFINITIONAL_REPRESENTATION('',(#343),#347);
#343 = LINE('',#344,#345);
#344 = CARTESIAN_POINT('',(1.,-16.));
#345 = VECTOR('',#346,1.);
#346 = DIRECTION('',(0.,-1.));
#347 = ( GEOMETRIC_REPRESENTATION_CONTEXT(2) 
PARAMETRIC_REPRESENTATION_CONTEXT() REPRESENTATION_CONTEXT('2D SPACE',''
  ) );
#348 = ORIENTED_EDGE('',*,*,#349,.F.);
#349 = EDGE_CURVE('',#220,#323,#350,.T.);
#350 = SURFACE_CURVE('',#351,(#355,#362),.PCURVE_S1.);
#351 = LINE('',#352,#353);
#352 = CARTESIAN_POINT('',(0.,39.,0.));
#353 = VECTOR('',#354,1.);
#354 = DIRECTION('',(1.,0.,0.));
#355 = PCURVE('',#126,#356);
#356 = DEFINITIONAL_REPRESENTATION('',(#357),#361);
#357 = LINE('',#358,#359);
#358 = CARTESIAN_POINT('',(0.,31.));
#359 = VECTOR('',#360,1.);
#360 = DIRECTION('',(1.,0.));
#361 = ( GEOMETRIC_REPRESENTATION_CONTEXT(2) 
PARAMETRIC_REPRESENTATION_CONTEXT() REPRESENTATION_CONTEXT('2D SPACE',''
  ) );
#362 = PCURVE('',#237,#363);
#363 = DEFINITIONAL_REPRESENTATION('',(#364),#368);
#364 = LINE('',#365,#366);
#365 = CARTESIAN_POINT('',(30.,0.));
#366 = VECTOR('',#367,1.);
#367 = DIRECTION('',(1.,0.));
#368 = ( GEOMETRIC_REPRESENTATION_CONTEXT(2) 
PARAMETRIC_REPRESENTATION_CONTEXT() REPRESENTATION_CONTEXT('2D SPACE',''
  ) );
#369 = ORIENTED_EDGE('',*,*,#272,.T.);
#370 = ADVANCED_FACE('',(#371),#72,.T.);
#371 = FACE_BOUND('',#372,.T.);
#372 = EDGE_LOOP('',(#373,#374,#375,#398,#420,#447,#474,#501,#523,#544)
  );
#373 = ORIENTED_EDGE('',*,*,#56,.F.);
#374 = ORIENTED_EDGE('',*,*,#142,.T.);
#375 = ORIENTED_EDGE('',*,*,#376,.T.);
#376 = EDGE_CURVE('',#143,#377,#379,.T.);
#377 = VERTEX_POINT('',#378);
#378 = CARTESIAN_POINT('',(-15.,-23.,4.));
#379 = SURFACE_CURVE('',#380,(#384,#391),.PCURVE_S1.);
#380 = LINE('',#381,#382);
#381 = CARTESIAN_POINT('',(0.,-23.,4.));
#382 = VECTOR('',#383,1.);
#383 = DIRECTION('',(1.,0.,0.));
#384 = PCURVE('',#72,#385);
#385 = DEFINITIONAL_REPRESENTATION('',(#386),#390);
#386 = LINE('',#387,#388);
#387 = CARTESIAN_POINT('',(0.,-31.));
#388 = VECTOR('',#389,1.);
#389 = DIRECTION('',(1.,0.));
#390 = ( GEOMETRIC_REPRESENTATION_CONTEXT(2) 
PARAMETRIC_REPRESENTATION_CONTEXT() REPRESENTATION_CONTEXT('2D SPACE',''
  ) );
#391 = PCURVE('',#182,#392);
#392 = DEFINITIONAL_REPRESENTATION('',(#393),#397);
#393 = LINE('',#394,#395);
#394 = CARTESIAN_POINT('',(30.,-4.));
#395 = VECTOR('',#396,1.);
#396 = DIRECTION('',(1.,0.));
#397 = ( GEOMETRIC_REPRESENTATION_CONTEXT(2) 
PARAMETRIC_REPRESENTATION_CONTEXT() REPRESENTATION_CONTEXT('2D SPACE',''
  ) );
#398 = ORIENTED_EDGE('',*,*,#399,.T.);
#399 = EDGE_CURVE('',#377,#400,#402,.T.);
#400 = VERTEX_POINT('',#401);
#401 = CARTESIAN_POINT('',(-15.,-12.35898384862,4.));
#402 = SURFACE_CURVE('',#403,(#407,#413),.PCURVE_S1.);
#403 = LINE('',#404,#405);
#404 = CARTESIAN_POINT('',(-15.,-8.,4.));
#405 = VECTOR('',#406,1.);
#406 = DIRECTION('',(0.,1.,0.));
#407 = PCURVE('',#72,#408);
#408 = DEFINITIONAL_REPRESENTATION('',(#409),#412);
#409 = B_SPLINE_CURVE_WITH_KNOTS('',1,(#410,#411),.UNSPECIFIED.,.F.,.F.,
  (2,2),(-15.,47.),.PIECEWISE_BEZIER_KNOTS.);
#410 = CARTESIAN_POINT('',(-15.,-31.));
#411 = CARTESIAN_POINT('',(-15.,31.));
#412 = ( GEOMETRIC_REPRESENTATION_CONTEXT(2) 
PARAMETRIC_REPRESENTATION_CONTEXT() REPRESENTATION_CONTEXT('2D SPACE',''
  ) );
#413 = PCURVE('',#337,#414);
#414 = DEFINITIONAL_REPRESENTATION('',(#415),#419);
#415 = LINE('',#416,#417);
#416 = CARTESIAN_POINT('',(5.,-16.));
#417 = VECTOR('',#418,1.);
#418 = DIRECTION('',(0.,-1.));
#419 = ( GEOMETRIC_REPRESENTATION_CONTEXT(2) 
PARAMETRIC_REPRESENTATION_CONTEXT() REPRESENTATION_CONTEXT('2D SPACE',''
  ) );
#420 = ORIENTED_EDGE('',*,*,#421,.T.);
#421 = EDGE_CURVE('',#400,#422,#424,.T.);
#422 = VERTEX_POINT('',#423);
#423 = CARTESIAN_POINT('',(-24.9,-12.35898384862,4.));
#424 = SURFACE_CURVE('',#425,(#429,#435),.PCURVE_S1.);
#425 = LINE('',#426,#427);
#426 = CARTESIAN_POINT('',(-12.45,-12.35898384862,4.));
#427 = VECTOR('',#428,1.);
#428 = DIRECTION('',(-1.,0.,0.));
#429 = PCURVE('',#72,#430);
#430 = DEFINITIONAL_REPRESENTATION('',(#431),#434);
#431 = B_SPLINE_CURVE_WITH_KNOTS('',1,(#432,#433),.UNSPECIFIED.,.F.,.F.,
  (2,2),(2.55,12.45),.PIECEWISE_BEZIER_KNOTS.);
#432 = CARTESIAN_POINT('',(-15.,-20.35898384862));
#433 = CARTESIAN_POINT('',(-24.9,-20.35898384862));
#434 = ( GEOMETRIC_REPRESENTATION_CONTEXT(2) 
PARAMETRIC_REPRESENTATION_CONTEXT() REPRESENTATION_CONTEXT('2D SPACE',''
  ) );
#435 = PCURVE('',#436,#441);
#436 = PLANE('',#437);
#437 = AXIS2_PLACEMENT_3D('',#438,#439,#440);
#438 = CARTESIAN_POINT('',(-24.9,-16.05866657858,-9.807403920117));
#439 = DIRECTION('',(0.,0.965925826289,-0.258819045103));
#440 = DIRECTION('',(0.,0.258819045103,0.965925826289));
#441 = DEFINITIONAL_REPRESENTATION('',(#442),#446);
#442 = LINE('',#443,#444);
#443 = CARTESIAN_POINT('',(14.294476391798,12.45));
#444 = VECTOR('',#445,1.);
#445 = DIRECTION('',(0.,-1.));
#446 = ( GEOMETRIC_REPRESENTATION_CONTEXT(2) 
PARAMETRIC_REPRESENTATION_CONTEXT() REPRESENTATION_CONTEXT('2D SPACE',''
  ) );
#447 = ORIENTED_EDGE('',*,*,#448,.T.);
#448 = EDGE_CURVE('',#422,#449,#451,.T.);
#449 = VERTEX_POINT('',#450);
#450 = CARTESIAN_POINT('',(-24.9,9.48534355803,4.));
#451 = SURFACE_CURVE('',#452,(#456,#462),.PCURVE_S1.);
#452 = LINE('',#453,#454);
#453 = CARTESIAN_POINT('',(-24.9,-4.029333289294,4.));
#454 = VECTOR('',#455,1.);
#455 = DIRECTION('',(0.,1.,0.));
#456 = PCURVE('',#72,#457);
#457 = DEFINITIONAL_REPRESENTATION('',(#458),#461);
#458 = B_SPLINE_CURVE_WITH_KNOTS('',1,(#459,#460),.UNSPECIFIED.,.F.,.F.,
  (2,2),(-8.329650559328,13.514676847324),.PIECEWISE_BEZIER_KNOTS.);
#459 = CARTESIAN_POINT('',(-24.9,-20.35898384862));
#460 = CARTESIAN_POINT('',(-24.9,1.48534355803));
#461 = ( GEOMETRIC_REPRESENTATION_CONTEXT(2) 
PARAMETRIC_REPRESENTATION_CONTEXT() REPRESENTATION_CONTEXT('2D SPACE',''
  ) );
#462 = PCURVE('',#463,#468);
#463 = PLANE('',#464);
#464 = AXIS2_PLACEMENT_3D('',#465,#466,#467);
#465 = CARTESIAN_POINT('',(-24.9,-16.05866657858,-9.807403920117));
#466 = DIRECTION('',(1.,0.,0.));
#467 = DIRECTION('',(0.,0.258819045103,0.965925826289));
#468 = DEFINITIONAL_REPRESENTATION('',(#469),#473);
#469 = LINE('',#470,#471);
#470 = CARTESIAN_POINT('',(16.450348595601,-8.045824599218));
#471 = VECTOR('',#472,1.);
#472 = DIRECTION('',(0.258819045103,-0.965925826289));
#473 = ( GEOMETRIC_REPRESENTATION_CONTEXT(2) 
PARAMETRIC_REPRESENTATION_CONTEXT() REPRESENTATION_CONTEXT('2D SPACE',''
  ) );
#474 = ORIENTED_EDGE('',*,*,#475,.F.);
#475 = EDGE_CURVE('',#476,#449,#478,.T.);
#476 = VERTEX_POINT('',#477);
#477 = CARTESIAN_POINT('',(-15.,9.48534355803,4.));
#478 = SURFACE_CURVE('',#479,(#483,#489),.PCURVE_S1.);
#479 = LINE('',#480,#481);
#480 = CARTESIAN_POINT('',(-12.45,9.48534355803,4.));
#481 = VECTOR('',#482,1.);
#482 = DIRECTION('',(-1.,0.,0.));
#483 = PCURVE('',#72,#484);
#484 = DEFINITIONAL_REPRESENTATION('',(#485),#488);
#485 = B_SPLINE_CURVE_WITH_KNOTS('',1,(#486,#487),.UNSPECIFIED.,.F.,.F.,
  (2,2),(2.55,12.45),.PIECEWISE_BEZIER_KNOTS.);
#486 = CARTESIAN_POINT('',(-15.,1.48534355803));
#487 = CARTESIAN_POINT('',(-24.9,1.48534355803));
#488 = ( GEOMETRIC_REPRESENTATION_CONTEXT(2) 
PARAMETRIC_REPRESENTATION_CONTEXT() REPRESENTATION_CONTEXT('2D SPACE',''
  ) );
#489 = PCURVE('',#490,#495);
#490 = PLANE('',#491);
#491 = AXIS2_PLACEMENT_3D('',#492,#493,#494);
#492 = CARTESIAN_POINT('',(-24.9,4.322368356111,-15.26848577178));
#493 = DIRECTION('',(0.,0.965925826289,-0.258819045103));
#494 = DIRECTION('',(0.,0.258819045103,0.965925826289));
#495 = DEFINITIONAL_REPRESENTATION('',(#496),#500);
#496 = LINE('',#497,#498);
#497 = CARTESIAN_POINT('',(19.948204352095,12.45));
#498 = VECTOR('',#499,1.);
#499 = DIRECTION('',(0.,-1.));
#500 = ( GEOMETRIC_REPRESENTATION_CONTEXT(2) 
PARAMETRIC_REPRESENTATION_CONTEXT() REPRESENTATION_CONTEXT('2D SPACE',''
  ) );
#501 = ORIENTED_EDGE('',*,*,#502,.T.);
#502 = EDGE_CURVE('',#476,#503,#505,.T.);
#503 = VERTEX_POINT('',#504);
#504 = CARTESIAN_POINT('',(-15.,39.,4.));
#505 = SURFACE_CURVE('',#506,(#510,#516),.PCURVE_S1.);
#506 = LINE('',#507,#508);
#507 = CARTESIAN_POINT('',(-15.,-8.,4.));
#508 = VECTOR('',#509,1.);
#509 = DIRECTION('',(0.,1.,0.));
#510 = PCURVE('',#72,#511);
#511 = DEFINITIONAL_REPRESENTATION('',(#512),#515);
#512 = B_SPLINE_CURVE_WITH_KNOTS('',1,(#513,#514),.UNSPECIFIED.,.F.,.F.,
  (2,2),(-15.,47.),.PIECEWISE_BEZIER_KNOTS.);
#513 = CARTESIAN_POINT('',(-15.,-31.));
#514 = CARTESIAN_POINT('',(-15.,31.));
#515 = ( GEOMETRIC_REPRESENTATION_CONTEXT(2) 
PARAMETRIC_REPRESENTATION_CONTEXT() REPRESENTATION_CONTEXT('2D SPACE',''
  ) );
#516 = PCURVE('',#337,#517);
#517 = DEFINITIONAL_REPRESENTATION('',(#518),#522);
#518 = LINE('',#519,#520);
#519 = CARTESIAN_POINT('',(5.,-16.));
#520 = VECTOR('',#521,1.);
#521 = DIRECTION('',(0.,-1.));
#522 = ( GEOMETRIC_REPRESENTATION_CONTEXT(2) 
PARAMETRIC_REPRESENTATION_CONTEXT() REPRESENTATION_CONTEXT('2D SPACE',''
  ) );
#523 = ORIENTED_EDGE('',*,*,#524,.F.);
#524 = EDGE_CURVE('',#222,#503,#525,.T.);
#525 = SURFACE_CURVE('',#526,(#530,#537),.PCURVE_S1.);
#526 = LINE('',#527,#528);
#527 = CARTESIAN_POINT('',(0.,39.,4.));
#528 = VECTOR('',#529,1.);
#529 = DIRECTION('',(1.,0.,0.));
#530 = PCURVE('',#72,#531);
#531 = DEFINITIONAL_REPRESENTATION('',(#532),#536);
#532 = LINE('',#533,#534);
#533 = CARTESIAN_POINT('',(0.,31.));
#534 = VECTOR('',#535,1.);
#535 = DIRECTION('',(1.,0.));
#536 = ( GEOMETRIC_REPRESENTATION_CONTEXT(2) 
PARAMETRIC_REPRESENTATION_CONTEXT() REPRESENTATION_CONTEXT('2D SPACE',''
  ) );
#537 = PCURVE('',#237,#538);
#538 = DEFINITIONAL_REPRESENTATION('',(#539),#543);
#539 = LINE('',#540,#541);
#540 = CARTESIAN_POINT('',(30.,-4.));
#541 = VECTOR('',#542,1.);
#542 = DIRECTION('',(1.,0.));
#543 = ( GEOMETRIC_REPRESENTATION_CONTEXT(2) 
PARAMETRIC_REPRESENTATION_CONTEXT() REPRESENTATION_CONTEXT('2D SPACE',''
  ) );
#544 = ORIENTED_EDGE('',*,*,#249,.T.);
#545 = ADVANCED_FACE('',(#546),#182,.F.);
#546 = FACE_BOUND('',#547,.F.);
#547 = EDGE_LOOP('',(#548,#549,#550,#551));
#548 = ORIENTED_EDGE('',*,*,#299,.F.);
#549 = ORIENTED_EDGE('',*,*,#166,.T.);
#550 = ORIENTED_EDGE('',*,*,#376,.T.);
#551 = ORIENTED_EDGE('',*,*,#552,.T.);
#552 = EDGE_CURVE('',#377,#300,#553,.T.);
#553 = SURFACE_CURVE('',#554,(#558,#564),.PCURVE_S1.);
#554 = LINE('',#555,#556);
#555 = CARTESIAN_POINT('',(-15.,-23.,-0.5));
#556 = VECTOR('',#557,1.);
#557 = DIRECTION('',(0.,0.,-1.));
#558 = PCURVE('',#182,#559);
#559 = DEFINITIONAL_REPRESENTATION('',(#560),#563);
#560 = B_SPLINE_CURVE_WITH_KNOTS('',1,(#561,#562),.UNSPECIFIED.,.F.,.F.,
  (2,2),(-4.5,-0.5),.PIECEWISE_BEZIER_KNOTS.);
#561 = CARTESIAN_POINT('',(15.,-4.));
#562 = CARTESIAN_POINT('',(15.,0.));
#563 = ( GEOMETRIC_REPRESENTATION_CONTEXT(2) 
PARAMETRIC_REPRESENTATION_CONTEXT() REPRESENTATION_CONTEXT('2D SPACE',''
  ) );
#564 = PCURVE('',#337,#565);
#565 = DEFINITIONAL_REPRESENTATION('',(#566),#570);
#566 = LINE('',#567,#568);
#567 = CARTESIAN_POINT('',(0.5,-1.));
#568 = VECTOR('',#569,1.);
#569 = DIRECTION('',(-1.,0.));
#570 = ( GEOMETRIC_REPRESENTATION_CONTEXT(2) 
PARAMETRIC_REPRESENTATION_CONTEXT() REPRESENTATION_CONTEXT('2D SPACE',''
  ) );
#571 = ADVANCED_FACE('',(#572),#237,.T.);
#572 = FACE_BOUND('',#573,.T.);
#573 = EDGE_LOOP('',(#574,#575,#576,#577));
#574 = ORIENTED_EDGE('',*,*,#349,.F.);
#575 = ORIENTED_EDGE('',*,*,#219,.T.);
#576 = ORIENTED_EDGE('',*,*,#524,.T.);
#577 = ORIENTED_EDGE('',*,*,#578,.T.);
#578 = EDGE_CURVE('',#503,#323,#579,.T.);
#579 = SURFACE_CURVE('',#580,(#584,#590),.PCURVE_S1.);
#580 = LINE('',#581,#582);
#581 = CARTESIAN_POINT('',(-15.,39.,-0.5));
#582 = VECTOR('',#583,1.);
#583 = DIRECTION('',(0.,0.,-1.));
#584 = PCURVE('',#237,#585);
#585 = DEFINITIONAL_REPRESENTATION('',(#586),#589);
#586 = B_SPLINE_CURVE_WITH_KNOTS('',1,(#587,#588),.UNSPECIFIED.,.F.,.F.,
  (2,2),(-4.5,-0.5),.PIECEWISE_BEZIER_KNOTS.);
#587 = CARTESIAN_POINT('',(15.,-4.));
#588 = CARTESIAN_POINT('',(15.,0.));
#589 = ( GEOMETRIC_REPRESENTATION_CONTEXT(2) 
PARAMETRIC_REPRESENTATION_CONTEXT() REPRESENTATION_CONTEXT('2D SPACE',''
  ) );
#590 = PCURVE('',#337,#591);
#591 = DEFINITIONAL_REPRESENTATION('',(#592),#596);
#592 = LINE('',#593,#594);
#593 = CARTESIAN_POINT('',(0.5,-63.));
#594 = VECTOR('',#595,1.);
#595 = DIRECTION('',(-1.,0.));
#596 = ( GEOMETRIC_REPRESENTATION_CONTEXT(2) 
PARAMETRIC_REPRESENTATION_CONTEXT() REPRESENTATION_CONTEXT('2D SPACE',''
  ) );
#597 = ADVANCED_FACE('',(#598),#337,.T.);
#598 = FACE_BOUND('',#599,.T.);
#599 = EDGE_LOOP('',(#600,#601,#602,#603,#604,#605,#628,#656));
#600 = ORIENTED_EDGE('',*,*,#399,.F.);
#601 = ORIENTED_EDGE('',*,*,#552,.T.);
#602 = ORIENTED_EDGE('',*,*,#322,.T.);
#603 = ORIENTED_EDGE('',*,*,#578,.F.);
#604 = ORIENTED_EDGE('',*,*,#502,.F.);
#605 = ORIENTED_EDGE('',*,*,#606,.T.);
#606 = EDGE_CURVE('',#476,#607,#609,.T.);
#607 = VERTEX_POINT('',#608);
#608 = CARTESIAN_POINT('',(-15.,13.381034934699,18.538918148337));
#609 = SURFACE_CURVE('',#610,(#614,#621),.PCURVE_S1.);
#610 = LINE('',#611,#612);
#611 = CARTESIAN_POINT('',(-15.,9.48534355803,4.));
#612 = VECTOR('',#613,1.);
#613 = DIRECTION('',(0.,0.258819045103,0.965925826289));
#614 = PCURVE('',#337,#615);
#615 = DEFINITIONAL_REPRESENTATION('',(#616),#620);
#616 = LINE('',#617,#618);
#617 = CARTESIAN_POINT('',(5.,-33.48534355803));
#618 = VECTOR('',#619,1.);
#619 = DIRECTION('',(0.965925826289,-0.258819045103));
#620 = ( GEOMETRIC_REPRESENTATION_CONTEXT(2) 
PARAMETRIC_REPRESENTATION_CONTEXT() REPRESENTATION_CONTEXT('2D SPACE',''
  ) );
#621 = PCURVE('',#490,#622);
#622 = DEFINITIONAL_REPRESENTATION('',(#623),#627);
#623 = LINE('',#624,#625);
#624 = CARTESIAN_POINT('',(19.948204352095,9.9));
#625 = VECTOR('',#626,1.);
#626 = DIRECTION('',(1.,0.));
#627 = ( GEOMETRIC_REPRESENTATION_CONTEXT(2) 
PARAMETRIC_REPRESENTATION_CONTEXT() REPRESENTATION_CONTEXT('2D SPACE',''
  ) );
#628 = ORIENTED_EDGE('',*,*,#629,.F.);
#629 = EDGE_CURVE('',#630,#607,#632,.T.);
#630 = VERTEX_POINT('',#631);
#631 = CARTESIAN_POINT('',(-15.,-7.,24.));
#632 = SURFACE_CURVE('',#633,(#637,#644),.PCURVE_S1.);
#633 = LINE('',#634,#635);
#634 = CARTESIAN_POINT('',(-15.,-7.,24.));
#635 = VECTOR('',#636,1.);
#636 = DIRECTION('',(0.,0.965925826289,-0.258819045103));
#637 = PCURVE('',#337,#638);
#638 = DEFINITIONAL_REPRESENTATION('',(#639),#643);
#639 = LINE('',#640,#641);
#640 = CARTESIAN_POINT('',(25.,-17.));
#641 = VECTOR('',#642,1.);
#642 = DIRECTION('',(-0.258819045103,-0.965925826289));
#643 = ( GEOMETRIC_REPRESENTATION_CONTEXT(2) 
PARAMETRIC_REPRESENTATION_CONTEXT() REPRESENTATION_CONTEXT('2D SPACE',''
  ) );
#644 = PCURVE('',#645,#650);
#645 = PLANE('',#646);
#646 = AXIS2_PLACEMENT_3D('',#647,#648,#649);
#647 = CARTESIAN_POINT('',(-24.9,-7.,24.));
#648 = DIRECTION('',(0.,0.258819045103,0.965925826289));
#649 = DIRECTION('',(1.,0.,0.));
#650 = DEFINITIONAL_REPRESENTATION('',(#651),#655);
#651 = LINE('',#652,#653);
#652 = CARTESIAN_POINT('',(9.9,0.));
#653 = VECTOR('',#654,1.);
#654 = DIRECTION('',(0.,1.));
#655 = ( GEOMETRIC_REPRESENTATION_CONTEXT(2) 
PARAMETRIC_REPRESENTATION_CONTEXT() REPRESENTATION_CONTEXT('2D SPACE',''
  ) );
#656 = ORIENTED_EDGE('',*,*,#657,.T.);
#657 = EDGE_CURVE('',#630,#400,#658,.T.);
#658 = SURFACE_CURVE('',#659,(#663,#670),.PCURVE_S1.);
#659 = LINE('',#660,#661);
#660 = CARTESIAN_POINT('',(-15.,-7.,24.));
#661 = VECTOR('',#662,1.);
#662 = DIRECTION('',(0.,-0.258819045103,-0.965925826289));
#663 = PCURVE('',#337,#664);
#664 = DEFINITIONAL_REPRESENTATION('',(#665),#669);
#665 = LINE('',#666,#667);
#666 = CARTESIAN_POINT('',(25.,-17.));
#667 = VECTOR('',#668,1.);
#668 = DIRECTION('',(-0.965925826289,0.258819045103));
#669 = ( GEOMETRIC_REPRESENTATION_CONTEXT(2) 
PARAMETRIC_REPRESENTATION_CONTEXT() REPRESENTATION_CONTEXT('2D SPACE',''
  ) );
#670 = PCURVE('',#436,#671);
#671 = DEFINITIONAL_REPRESENTATION('',(#672),#676);
#672 = LINE('',#673,#674);
#673 = CARTESIAN_POINT('',(35.,9.9));
#674 = VECTOR('',#675,1.);
#675 = DIRECTION('',(-1.,0.));
#676 = ( GEOMETRIC_REPRESENTATION_CONTEXT(2) 
PARAMETRIC_REPRESENTATION_CONTEXT() REPRESENTATION_CONTEXT('2D SPACE',''
  ) );
#677 = ADVANCED_FACE('',(#678),#490,.T.);
#678 = FACE_BOUND('',#679,.T.);
#679 = EDGE_LOOP('',(#680,#681,#682,#705));
#680 = ORIENTED_EDGE('',*,*,#606,.F.);
#681 = ORIENTED_EDGE('',*,*,#475,.T.);
#682 = ORIENTED_EDGE('',*,*,#683,.T.);
#683 = EDGE_CURVE('',#449,#684,#686,.T.);
#684 = VERTEX_POINT('',#685);
#685 = CARTESIAN_POINT('',(-24.9,13.381034934699,18.538918148337));
#686 = SURFACE_CURVE('',#687,(#691,#698),.PCURVE_S1.);
#687 = LINE('',#688,#689);
#688 = CARTESIAN_POINT('',(-24.9,9.48534355803,4.));
#689 = VECTOR('',#690,1.);
#690 = DIRECTION('',(0.,0.258819045103,0.965925826289));
#691 = PCURVE('',#490,#692);
#692 = DEFINITIONAL_REPRESENTATION('',(#693),#697);
#693 = LINE('',#694,#695);
#694 = CARTESIAN_POINT('',(19.948204352095,0.));
#695 = VECTOR('',#696,1.);
#696 = DIRECTION('',(1.,0.));
#697 = ( GEOMETRIC_REPRESENTATION_CONTEXT(2) 
PARAMETRIC_REPRESENTATION_CONTEXT() REPRESENTATION_CONTEXT('2D SPACE',''
  ) );
#698 = PCURVE('',#463,#699);
#699 = DEFINITIONAL_REPRESENTATION('',(#700),#704);
#700 = LINE('',#701,#702);
#701 = CARTESIAN_POINT('',(19.948204352095,-21.1));
#702 = VECTOR('',#703,1.);
#703 = DIRECTION('',(1.,-1.284163719051E-16));
#704 = ( GEOMETRIC_REPRESENTATION_CONTEXT(2) 
PARAMETRIC_REPRESENTATION_CONTEXT() REPRESENTATION_CONTEXT('2D SPACE',''
  ) );
#705 = ORIENTED_EDGE('',*,*,#706,.T.);
#706 = EDGE_CURVE('',#684,#607,#707,.T.);
#707 = SURFACE_CURVE('',#708,(#712,#719),.PCURVE_S1.);
#708 = LINE('',#709,#710);
#709 = CARTESIAN_POINT('',(-24.9,13.381034934699,18.538918148337));
#710 = VECTOR('',#711,1.);
#711 = DIRECTION('',(1.,0.,0.));
#712 = PCURVE('',#490,#713);
#713 = DEFINITIONAL_REPRESENTATION('',(#714),#718);
#714 = LINE('',#715,#716);
#715 = CARTESIAN_POINT('',(35.,0.));
#716 = VECTOR('',#717,1.);
#717 = DIRECTION('',(0.,1.));
#718 = ( GEOMETRIC_REPRESENTATION_CONTEXT(2) 
PARAMETRIC_REPRESENTATION_CONTEXT() REPRESENTATION_CONTEXT('2D SPACE',''
  ) );
#719 = PCURVE('',#645,#720);
#720 = DEFINITIONAL_REPRESENTATION('',(#721),#725);
#721 = LINE('',#722,#723);
#722 = CARTESIAN_POINT('',(0.,21.1));
#723 = VECTOR('',#724,1.);
#724 = DIRECTION('',(1.,0.));
#725 = ( GEOMETRIC_REPRESENTATION_CONTEXT(2) 
PARAMETRIC_REPRESENTATION_CONTEXT() REPRESENTATION_CONTEXT('2D SPACE',''
  ) );
#726 = ADVANCED_FACE('',(#727),#463,.F.);
#727 = FACE_BOUND('',#728,.F.);
#728 = EDGE_LOOP('',(#729,#752,#753,#754,#777,#805,#833,#861,#889,#917,
    #945,#973));
#729 = ORIENTED_EDGE('',*,*,#730,.F.);
#730 = EDGE_CURVE('',#422,#731,#733,.T.);
#731 = VERTEX_POINT('',#732);
#732 = CARTESIAN_POINT('',(-24.9,-3.635352413667,36.557035741758));
#733 = SURFACE_CURVE('',#734,(#738,#745),.PCURVE_S1.);
#734 = LINE('',#735,#736);
#735 = CARTESIAN_POINT('',(-24.9,-12.35898384862,4.));
#736 = VECTOR('',#737,1.);
#737 = DIRECTION('',(1.054044945303E-16,0.258819045103,0.965925826289));
#738 = PCURVE('',#463,#739);
#739 = DEFINITIONAL_REPRESENTATION('',(#740),#744);
#740 = LINE('',#741,#742);
#741 = CARTESIAN_POINT('',(14.294476391798,-2.228112277344E-16));
#742 = VECTOR('',#743,1.);
#743 = DIRECTION('',(1.,-1.284163719051E-16));
#744 = ( GEOMETRIC_REPRESENTATION_CONTEXT(2) 
PARAMETRIC_REPRESENTATION_CONTEXT() REPRESENTATION_CONTEXT('2D SPACE',''
  ) );
#745 = PCURVE('',#436,#746);
#746 = DEFINITIONAL_REPRESENTATION('',(#747),#751);
#747 = LINE('',#748,#749);
#748 = CARTESIAN_POINT('',(14.294476391798,0.));
#749 = VECTOR('',#750,1.);
#750 = DIRECTION('',(1.,1.054044945303E-16));
#751 = ( GEOMETRIC_REPRESENTATION_CONTEXT(2) 
PARAMETRIC_REPRESENTATION_CONTEXT() REPRESENTATION_CONTEXT('2D SPACE',''
  ) );
#752 = ORIENTED_EDGE('',*,*,#448,.T.);
#753 = ORIENTED_EDGE('',*,*,#683,.T.);
#754 = ORIENTED_EDGE('',*,*,#755,.F.);
#755 = EDGE_CURVE('',#756,#684,#758,.T.);
#756 = VERTEX_POINT('',#757);
#757 = CARTESIAN_POINT('',(-24.9,10.483257455832,19.315375283644));
#758 = SURFACE_CURVE('',#759,(#763,#770),.PCURVE_S1.);
#759 = LINE('',#760,#761);
#760 = CARTESIAN_POINT('',(-24.9,-7.,24.));
#761 = VECTOR('',#762,1.);
#762 = DIRECTION('',(0.,0.965925826289,-0.258819045103));
#763 = PCURVE('',#463,#764);
#764 = DEFINITIONAL_REPRESENTATION('',(#765),#769);
#765 = LINE('',#766,#767);
#766 = CARTESIAN_POINT('',(35.,-1.33303425236E-15));
#767 = VECTOR('',#768,1.);
#768 = DIRECTION('',(1.739406944263E-17,-1.));
#769 = ( GEOMETRIC_REPRESENTATION_CONTEXT(2) 
PARAMETRIC_REPRESENTATION_CONTEXT() REPRESENTATION_CONTEXT('2D SPACE',''
  ) );
#770 = PCURVE('',#645,#771);
#771 = DEFINITIONAL_REPRESENTATION('',(#772),#776);
#772 = LINE('',#773,#774);
#773 = CARTESIAN_POINT('',(0.,0.));
#774 = VECTOR('',#775,1.);
#775 = DIRECTION('',(0.,1.));
#776 = ( GEOMETRIC_REPRESENTATION_CONTEXT(2) 
PARAMETRIC_REPRESENTATION_CONTEXT() REPRESENTATION_CONTEXT('2D SPACE',''
  ) );
#777 = ORIENTED_EDGE('',*,*,#778,.T.);
#778 = EDGE_CURVE('',#756,#779,#781,.T.);
#779 = VERTEX_POINT('',#780);
#780 = CARTESIAN_POINT('',(-24.9,12.036171726447,25.110930241379));
#781 = SURFACE_CURVE('',#782,(#786,#793),.PCURVE_S1.);
#782 = LINE('',#783,#784);
#783 = CARTESIAN_POINT('',(-24.9,10.483257455832,19.315375283644));
#784 = VECTOR('',#785,1.);
#785 = DIRECTION('',(0.,0.258819045103,0.965925826289));
#786 = PCURVE('',#463,#787);
#787 = DEFINITIONAL_REPRESENTATION('',(#788),#792);
#788 = LINE('',#789,#790);
#789 = CARTESIAN_POINT('',(35.,-18.1));
#790 = VECTOR('',#791,1.);
#791 = DIRECTION('',(1.,-1.739406944263E-17));
#792 = ( GEOMETRIC_REPRESENTATION_CONTEXT(2) 
PARAMETRIC_REPRESENTATION_CONTEXT() REPRESENTATION_CONTEXT('2D SPACE',''
  ) );
#793 = PCURVE('',#794,#799);
#794 = PLANE('',#795);
#795 = AXIS2_PLACEMENT_3D('',#796,#797,#798);
#796 = CARTESIAN_POINT('',(-24.9,10.483257455832,19.315375283644));
#797 = DIRECTION('',(0.,0.965925826289,-0.258819045103));
#798 = DIRECTION('',(0.,0.258819045103,0.965925826289));
#799 = DEFINITIONAL_REPRESENTATION('',(#800),#804);
#800 = LINE('',#801,#802);
#801 = CARTESIAN_POINT('',(0.,0.));
#802 = VECTOR('',#803,1.);
#803 = DIRECTION('',(1.,0.));
#804 = ( GEOMETRIC_REPRESENTATION_CONTEXT(2) 
PARAMETRIC_REPRESENTATION_CONTEXT() REPRESENTATION_CONTEXT('2D SPACE',''
  ) );
#805 = ORIENTED_EDGE('',*,*,#806,.T.);
#806 = EDGE_CURVE('',#779,#807,#809,.T.);
#807 = VERTEX_POINT('',#808);
#808 = CARTESIAN_POINT('',(-24.9,14.933949205314,24.334473106071));
#809 = SURFACE_CURVE('',#810,(#814,#821),.PCURVE_S1.);
#810 = LINE('',#811,#812);
#811 = CARTESIAN_POINT('',(-24.9,12.036171726447,25.110930241379));
#812 = VECTOR('',#813,1.);
#813 = DIRECTION('',(0.,0.965925826289,-0.258819045103));
#814 = PCURVE('',#463,#815);
#815 = DEFINITIONAL_REPRESENTATION('',(#816),#820);
#816 = LINE('',#817,#818);
#817 = CARTESIAN_POINT('',(41.,-18.1));
#818 = VECTOR('',#819,1.);
#819 = DIRECTION('',(1.739406944263E-17,-1.));
#820 = ( GEOMETRIC_REPRESENTATION_CONTEXT(2) 
PARAMETRIC_REPRESENTATION_CONTEXT() REPRESENTATION_CONTEXT('2D SPACE',''
  ) );
#821 = PCURVE('',#822,#827);
#822 = PLANE('',#823);
#823 = AXIS2_PLACEMENT_3D('',#824,#825,#826);
#824 = CARTESIAN_POINT('',(-24.9,12.036171726447,25.110930241379));
#825 = DIRECTION('',(0.,0.258819045103,0.965925826289));
#826 = DIRECTION('',(1.,0.,0.));
#827 = DEFINITIONAL_REPRESENTATION('',(#828),#832);
#828 = LINE('',#829,#830);
#829 = CARTESIAN_POINT('',(0.,0.));
#830 = VECTOR('',#831,1.);
#831 = DIRECTION('',(0.,1.));
#832 = ( GEOMETRIC_REPRESENTATION_CONTEXT(2) 
PARAMETRIC_REPRESENTATION_CONTEXT() REPRESENTATION_CONTEXT('2D SPACE',''
  ) );
#833 = ORIENTED_EDGE('',*,*,#834,.T.);
#834 = EDGE_CURVE('',#807,#835,#837,.T.);
#835 = VERTEX_POINT('',#836);
#836 = CARTESIAN_POINT('',(-24.9,21.404425332877,48.482618763298));
#837 = SURFACE_CURVE('',#838,(#842,#849),.PCURVE_S1.);
#838 = LINE('',#839,#840);
#839 = CARTESIAN_POINT('',(-24.9,14.933949205314,24.334473106071));
#840 = VECTOR('',#841,1.);
#841 = DIRECTION('',(0.,0.258819045103,0.965925826289));
#842 = PCURVE('',#463,#843);
#843 = DEFINITIONAL_REPRESENTATION('',(#844),#848);
#844 = LINE('',#845,#846);
#845 = CARTESIAN_POINT('',(41.,-21.1));
#846 = VECTOR('',#847,1.);
#847 = DIRECTION('',(1.,-1.739406944263E-17));
#848 = ( GEOMETRIC_REPRESENTATION_CONTEXT(2) 
PARAMETRIC_REPRESENTATION_CONTEXT() REPRESENTATION_CONTEXT('2D SPACE',''
  ) );
#849 = PCURVE('',#850,#855);
#850 = PLANE('',#851);
#851 = AXIS2_PLACEMENT_3D('',#852,#853,#854);
#852 = CARTESIAN_POINT('',(-24.9,14.933949205314,24.334473106071));
#853 = DIRECTION('',(0.,0.965925826289,-0.258819045103));
#854 = DIRECTION('',(0.,0.258819045103,0.965925826289));
#855 = DEFINITIONAL_REPRESENTATION('',(#856),#860);
#856 = LINE('',#857,#858);
#857 = CARTESIAN_POINT('',(0.,0.));
#858 = VECTOR('',#859,1.);
#859 = DIRECTION('',(1.,0.));
#860 = ( GEOMETRIC_REPRESENTATION_CONTEXT(2) 
PARAMETRIC_REPRESENTATION_CONTEXT() REPRESENTATION_CONTEXT('2D SPACE',''
  ) );
#861 = ORIENTED_EDGE('',*,*,#862,.F.);
#862 = EDGE_CURVE('',#863,#835,#865,.T.);
#863 = VERTEX_POINT('',#864);
#864 = CARTESIAN_POINT('',(-24.9,18.50664785401,49.259075898605));
#865 = SURFACE_CURVE('',#866,(#870,#877),.PCURVE_S1.);
#866 = LINE('',#867,#868);
#867 = CARTESIAN_POINT('',(-24.9,18.50664785401,49.259075898605));
#868 = VECTOR('',#869,1.);
#869 = DIRECTION('',(0.,0.965925826289,-0.258819045103));
#870 = PCURVE('',#463,#871);
#871 = DEFINITIONAL_REPRESENTATION('',(#872),#876);
#872 = LINE('',#873,#874);
#873 = CARTESIAN_POINT('',(66.,-18.1));
#874 = VECTOR('',#875,1.);
#875 = DIRECTION('',(1.739406944263E-17,-1.));
#876 = ( GEOMETRIC_REPRESENTATION_CONTEXT(2) 
PARAMETRIC_REPRESENTATION_CONTEXT() REPRESENTATION_CONTEXT('2D SPACE',''
  ) );
#877 = PCURVE('',#878,#883);
#878 = PLANE('',#879);
#879 = AXIS2_PLACEMENT_3D('',#880,#881,#882);
#880 = CARTESIAN_POINT('',(-24.9,18.50664785401,49.259075898605));
#881 = DIRECTION('',(0.,0.258819045103,0.965925826289));
#882 = DIRECTION('',(1.,0.,0.));
#883 = DEFINITIONAL_REPRESENTATION('',(#884),#888);
#884 = LINE('',#885,#886);
#885 = CARTESIAN_POINT('',(0.,0.));
#886 = VECTOR('',#887,1.);
#887 = DIRECTION('',(0.,1.));
#888 = ( GEOMETRIC_REPRESENTATION_CONTEXT(2) 
PARAMETRIC_REPRESENTATION_CONTEXT() REPRESENTATION_CONTEXT('2D SPACE',''
  ) );
#889 = ORIENTED_EDGE('',*,*,#890,.F.);
#890 = EDGE_CURVE('',#891,#863,#893,.T.);
#891 = VERTEX_POINT('',#892);
#892 = CARTESIAN_POINT('',(-24.9,14.106724087267,32.838336851691));
#893 = SURFACE_CURVE('',#894,(#898,#905),.PCURVE_S1.);
#894 = LINE('',#895,#896);
#895 = CARTESIAN_POINT('',(-24.9,12.036171726447,25.110930241379));
#896 = VECTOR('',#897,1.);
#897 = DIRECTION('',(0.,0.258819045103,0.965925826289));
#898 = PCURVE('',#463,#899);
#899 = DEFINITIONAL_REPRESENTATION('',(#900),#904);
#900 = LINE('',#901,#902);
#901 = CARTESIAN_POINT('',(41.,-18.1));
#902 = VECTOR('',#903,1.);
#903 = DIRECTION('',(1.,-1.739406944263E-17));
#904 = ( GEOMETRIC_REPRESENTATION_CONTEXT(2) 
PARAMETRIC_REPRESENTATION_CONTEXT() REPRESENTATION_CONTEXT('2D SPACE',''
  ) );
#905 = PCURVE('',#906,#911);
#906 = PLANE('',#907);
#907 = AXIS2_PLACEMENT_3D('',#908,#909,#910);
#908 = CARTESIAN_POINT('',(-24.9,12.036171726447,25.110930241379));
#909 = DIRECTION('',(0.,0.965925826289,-0.258819045103));
#910 = DIRECTION('',(0.,0.258819045103,0.965925826289));
#911 = DEFINITIONAL_REPRESENTATION('',(#912),#916);
#912 = LINE('',#913,#914);
#913 = CARTESIAN_POINT('',(0.,0.));
#914 = VECTOR('',#915,1.);
#915 = DIRECTION('',(1.,0.));
#916 = ( GEOMETRIC_REPRESENTATION_CONTEXT(2) 
PARAMETRIC_REPRESENTATION_CONTEXT() REPRESENTATION_CONTEXT('2D SPACE',''
  ) );
#917 = ORIENTED_EDGE('',*,*,#918,.F.);
#918 = EDGE_CURVE('',#919,#891,#921,.T.);
#919 = VERTEX_POINT('',#920);
#920 = CARTESIAN_POINT('',(-24.9,-1.058311385471,36.901795859801));
#921 = SURFACE_CURVE('',#922,(#926,#933),.PCURVE_S1.);
#922 = LINE('',#923,#924);
#923 = CARTESIAN_POINT('',(-24.9,-1.058311385471,36.901795859801));
#924 = VECTOR('',#925,1.);
#925 = DIRECTION('',(0.,0.965925826289,-0.258819045103));
#926 = PCURVE('',#463,#927);
#927 = DEFINITIONAL_REPRESENTATION('',(#928),#932);
#928 = LINE('',#929,#930);
#929 = CARTESIAN_POINT('',(49.,-2.4));
#930 = VECTOR('',#931,1.);
#931 = DIRECTION('',(1.739406944263E-17,-1.));
#932 = ( GEOMETRIC_REPRESENTATION_CONTEXT(2) 
PARAMETRIC_REPRESENTATION_CONTEXT() REPRESENTATION_CONTEXT('2D SPACE',''
  ) );
#933 = PCURVE('',#934,#939);
#934 = PLANE('',#935);
#935 = AXIS2_PLACEMENT_3D('',#936,#937,#938);
#936 = CARTESIAN_POINT('',(-24.9,-1.058311385471,36.901795859801));
#937 = DIRECTION('',(0.,0.258819045103,0.965925826289));
#938 = DIRECTION('',(1.,0.,0.));
#939 = DEFINITIONAL_REPRESENTATION('',(#940),#944);
#940 = LINE('',#941,#942);
#941 = CARTESIAN_POINT('',(0.,0.));
#942 = VECTOR('',#943,1.);
#943 = DIRECTION('',(0.,1.));
#944 = ( GEOMETRIC_REPRESENTATION_CONTEXT(2) 
PARAMETRIC_REPRESENTATION_CONTEXT() REPRESENTATION_CONTEXT('2D SPACE',''
  ) );
#945 = ORIENTED_EDGE('',*,*,#946,.F.);
#946 = EDGE_CURVE('',#947,#919,#949,.T.);
#947 = VERTEX_POINT('',#948);
#948 = CARTESIAN_POINT('',(-24.9,-1.317130430573,35.935870033512));
#949 = SURFACE_CURVE('',#950,(#954,#961),.PCURVE_S1.);
#950 = LINE('',#951,#952);
#951 = CARTESIAN_POINT('',(-24.9,-4.681778016906,23.378834291754));
#952 = VECTOR('',#953,1.);
#953 = DIRECTION('',(0.,0.258819045103,0.965925826289));
#954 = PCURVE('',#463,#955);
#955 = DEFINITIONAL_REPRESENTATION('',(#956),#960);
#956 = LINE('',#957,#958);
#957 = CARTESIAN_POINT('',(35.,-2.4));
#958 = VECTOR('',#959,1.);
#959 = DIRECTION('',(1.,-1.739406944263E-17));
#960 = ( GEOMETRIC_REPRESENTATION_CONTEXT(2) 
PARAMETRIC_REPRESENTATION_CONTEXT() REPRESENTATION_CONTEXT('2D SPACE',''
  ) );
#961 = PCURVE('',#962,#967);
#962 = PLANE('',#963);
#963 = AXIS2_PLACEMENT_3D('',#964,#965,#966);
#964 = CARTESIAN_POINT('',(-24.9,-4.681778016906,23.378834291754));
#965 = DIRECTION('',(0.,0.965925826289,-0.258819045103));
#966 = DIRECTION('',(0.,0.258819045103,0.965925826289));
#967 = DEFINITIONAL_REPRESENTATION('',(#968),#972);
#968 = LINE('',#969,#970);
#969 = CARTESIAN_POINT('',(0.,0.));
#970 = VECTOR('',#971,1.);
#971 = DIRECTION('',(1.,0.));
#972 = ( GEOMETRIC_REPRESENTATION_CONTEXT(2) 
PARAMETRIC_REPRESENTATION_CONTEXT() REPRESENTATION_CONTEXT('2D SPACE',''
  ) );
#973 = ORIENTED_EDGE('',*,*,#974,.F.);
#974 = EDGE_CURVE('',#731,#947,#975,.T.);
#975 = SURFACE_CURVE('',#976,(#980,#987),.PCURVE_S1.);
#976 = LINE('',#977,#978);
#977 = CARTESIAN_POINT('',(-24.9,-3.635352413667,36.557035741758));
#978 = VECTOR('',#979,1.);
#979 = DIRECTION('',(0.,0.965925826289,-0.258819045103));
#980 = PCURVE('',#463,#981);
#981 = DEFINITIONAL_REPRESENTATION('',(#982),#986);
#982 = LINE('',#983,#984);
#983 = CARTESIAN_POINT('',(48.,-3.102358695751E-15));
#984 = VECTOR('',#985,1.);
#985 = DIRECTION('',(1.739406944263E-17,-1.));
#986 = ( GEOMETRIC_REPRESENTATION_CONTEXT(2) 
PARAMETRIC_REPRESENTATION_CONTEXT() REPRESENTATION_CONTEXT('2D SPACE',''
  ) );
#987 = PCURVE('',#988,#993);
#988 = PLANE('',#989);
#989 = AXIS2_PLACEMENT_3D('',#990,#991,#992);
#990 = CARTESIAN_POINT('',(-24.9,-3.635352413667,36.557035741758));
#991 = DIRECTION('',(0.,0.258819045103,0.965925826289));
#992 = DIRECTION('',(1.,0.,0.));
#993 = DEFINITIONAL_REPRESENTATION('',(#994),#998);
#994 = LINE('',#995,#996);
#995 = CARTESIAN_POINT('',(0.,0.));
#996 = VECTOR('',#997,1.);
#997 = DIRECTION('',(0.,1.));
#998 = ( GEOMETRIC_REPRESENTATION_CONTEXT(2) 
PARAMETRIC_REPRESENTATION_CONTEXT() REPRESENTATION_CONTEXT('2D SPACE',''
  ) );
#999 = ADVANCED_FACE('',(#1000),#436,.F.);
#1000 = FACE_BOUND('',#1001,.F.);
#1001 = EDGE_LOOP('',(#1002,#1003,#1004,#1027,#1055,#1076));
#1002 = ORIENTED_EDGE('',*,*,#421,.T.);
#1003 = ORIENTED_EDGE('',*,*,#730,.T.);
#1004 = ORIENTED_EDGE('',*,*,#1005,.T.);
#1005 = EDGE_CURVE('',#731,#1006,#1008,.T.);
#1006 = VERTEX_POINT('',#1007);
#1007 = CARTESIAN_POINT('',(-19.5,-3.635352413667,36.557035741758));
#1008 = SURFACE_CURVE('',#1009,(#1013,#1020),.PCURVE_S1.);
#1009 = LINE('',#1010,#1011);
#1010 = CARTESIAN_POINT('',(-24.9,-3.635352413667,36.557035741758));
#1011 = VECTOR('',#1012,1.);
#1012 = DIRECTION('',(1.,0.,0.));
#1013 = PCURVE('',#436,#1014);
#1014 = DEFINITIONAL_REPRESENTATION('',(#1015),#1019);
#1015 = LINE('',#1016,#1017);
#1016 = CARTESIAN_POINT('',(48.,3.552713678801E-15));
#1017 = VECTOR('',#1018,1.);
#1018 = DIRECTION('',(0.,1.));
#1019 = ( GEOMETRIC_REPRESENTATION_CONTEXT(2) 
PARAMETRIC_REPRESENTATION_CONTEXT() REPRESENTATION_CONTEXT('2D SPACE',''
  ) );
#1020 = PCURVE('',#988,#1021);
#1021 = DEFINITIONAL_REPRESENTATION('',(#1022),#1026);
#1022 = LINE('',#1023,#1024);
#1023 = CARTESIAN_POINT('',(0.,0.));
#1024 = VECTOR('',#1025,1.);
#1025 = DIRECTION('',(1.,0.));
#1026 = ( GEOMETRIC_REPRESENTATION_CONTEXT(2) 
PARAMETRIC_REPRESENTATION_CONTEXT() REPRESENTATION_CONTEXT('2D SPACE',''
  ) );
#1027 = ORIENTED_EDGE('',*,*,#1028,.F.);
#1028 = EDGE_CURVE('',#1029,#1006,#1031,.T.);
#1029 = VERTEX_POINT('',#1030);
#1030 = CARTESIAN_POINT('',(-19.5,-7.,24.));
#1031 = SURFACE_CURVE('',#1032,(#1036,#1043),.PCURVE_S1.);
#1032 = LINE('',#1033,#1034);
#1033 = CARTESIAN_POINT('',(-19.5,-7.,24.));
#1034 = VECTOR('',#1035,1.);
#1035 = DIRECTION('',(0.,0.258819045103,0.965925826289));
#1036 = PCURVE('',#436,#1037);
#1037 = DEFINITIONAL_REPRESENTATION('',(#1038),#1042);
#1038 = LINE('',#1039,#1040);
#1039 = CARTESIAN_POINT('',(35.,5.4));
#1040 = VECTOR('',#1041,1.);
#1041 = DIRECTION('',(1.,0.));
#1042 = ( GEOMETRIC_REPRESENTATION_CONTEXT(2) 
PARAMETRIC_REPRESENTATION_CONTEXT() REPRESENTATION_CONTEXT('2D SPACE',''
  ) );
#1043 = PCURVE('',#1044,#1049);
#1044 = PLANE('',#1045);
#1045 = AXIS2_PLACEMENT_3D('',#1046,#1047,#1048);
#1046 = CARTESIAN_POINT('',(-19.5,-7.,24.));
#1047 = DIRECTION('',(1.,0.,0.));
#1048 = DIRECTION('',(0.,0.258819045103,0.965925826289));
#1049 = DEFINITIONAL_REPRESENTATION('',(#1050),#1054);
#1050 = LINE('',#1051,#1052);
#1051 = CARTESIAN_POINT('',(0.,0.));
#1052 = VECTOR('',#1053,1.);
#1053 = DIRECTION('',(1.,0.));
#1054 = ( GEOMETRIC_REPRESENTATION_CONTEXT(2) 
PARAMETRIC_REPRESENTATION_CONTEXT() REPRESENTATION_CONTEXT('2D SPACE',''
  ) );
#1055 = ORIENTED_EDGE('',*,*,#1056,.T.);
#1056 = EDGE_CURVE('',#1029,#630,#1057,.T.);
#1057 = SURFACE_CURVE('',#1058,(#1062,#1069),.PCURVE_S1.);
#1058 = LINE('',#1059,#1060);
#1059 = CARTESIAN_POINT('',(-24.9,-7.,24.));
#1060 = VECTOR('',#1061,1.);
#1061 = DIRECTION('',(1.,0.,0.));
#1062 = PCURVE('',#436,#1063);
#1063 = DEFINITIONAL_REPRESENTATION('',(#1064),#1068);
#1064 = LINE('',#1065,#1066);
#1065 = CARTESIAN_POINT('',(35.,0.));
#1066 = VECTOR('',#1067,1.);
#1067 = DIRECTION('',(0.,1.));
#1068 = ( GEOMETRIC_REPRESENTATION_CONTEXT(2) 
PARAMETRIC_REPRESENTATION_CONTEXT() REPRESENTATION_CONTEXT('2D SPACE',''
  ) );
#1069 = PCURVE('',#645,#1070);
#1070 = DEFINITIONAL_REPRESENTATION('',(#1071),#1075);
#1071 = LINE('',#1072,#1073);
#1072 = CARTESIAN_POINT('',(0.,0.));
#1073 = VECTOR('',#1074,1.);
#1074 = DIRECTION('',(1.,0.));
#1075 = ( GEOMETRIC_REPRESENTATION_CONTEXT(2) 
PARAMETRIC_REPRESENTATION_CONTEXT() REPRESENTATION_CONTEXT('2D SPACE',''
  ) );
#1076 = ORIENTED_EDGE('',*,*,#657,.T.);
#1077 = ADVANCED_FACE('',(#1078),#645,.T.);
#1078 = FACE_BOUND('',#1079,.T.);
#1079 = EDGE_LOOP('',(#1080,#1081,#1104,#1132,#1160,#1181,#1182,#1183));
#1080 = ORIENTED_EDGE('',*,*,#755,.F.);
#1081 = ORIENTED_EDGE('',*,*,#1082,.T.);
#1082 = EDGE_CURVE('',#756,#1083,#1085,.T.);
#1083 = VERTEX_POINT('',#1084);
#1084 = CARTESIAN_POINT('',(-22.7,10.483257455832,19.315375283644));
#1085 = SURFACE_CURVE('',#1086,(#1090,#1097),.PCURVE_S1.);
#1086 = LINE('',#1087,#1088);
#1087 = CARTESIAN_POINT('',(-24.9,10.483257455832,19.315375283644));
#1088 = VECTOR('',#1089,1.);
#1089 = DIRECTION('',(1.,0.,0.));
#1090 = PCURVE('',#645,#1091);
#1091 = DEFINITIONAL_REPRESENTATION('',(#1092),#1096);
#1092 = LINE('',#1093,#1094);
#1093 = CARTESIAN_POINT('',(1.33226762955E-15,18.1));
#1094 = VECTOR('',#1095,1.);
#1095 = DIRECTION('',(1.,0.));
#1096 = ( GEOMETRIC_REPRESENTATION_CONTEXT(2) 
PARAMETRIC_REPRESENTATION_CONTEXT() REPRESENTATION_CONTEXT('2D SPACE',''
  ) );
#1097 = PCURVE('',#794,#1098);
#1098 = DEFINITIONAL_REPRESENTATION('',(#1099),#1103);
#1099 = LINE('',#1100,#1101);
#1100 = CARTESIAN_POINT('',(0.,0.));
#1101 = VECTOR('',#1102,1.);
#1102 = DIRECTION('',(0.,1.));
#1103 = ( GEOMETRIC_REPRESENTATION_CONTEXT(2) 
PARAMETRIC_REPRESENTATION_CONTEXT() REPRESENTATION_CONTEXT('2D SPACE',''
  ) );
#1104 = ORIENTED_EDGE('',*,*,#1105,.F.);
#1105 = EDGE_CURVE('',#1106,#1083,#1108,.T.);
#1106 = VERTEX_POINT('',#1107);
#1107 = CARTESIAN_POINT('',(-22.7,-4.681778016906,23.378834291754));
#1108 = SURFACE_CURVE('',#1109,(#1113,#1120),.PCURVE_S1.);
#1109 = LINE('',#1110,#1111);
#1110 = CARTESIAN_POINT('',(-22.7,-4.681778016906,23.378834291754));
#1111 = VECTOR('',#1112,1.);
#1112 = DIRECTION('',(0.,0.965925826289,-0.258819045103));
#1113 = PCURVE('',#645,#1114);
#1114 = DEFINITIONAL_REPRESENTATION('',(#1115),#1119);
#1115 = LINE('',#1116,#1117);
#1116 = CARTESIAN_POINT('',(2.2,2.4));
#1117 = VECTOR('',#1118,1.);
#1118 = DIRECTION('',(0.,1.));
#1119 = ( GEOMETRIC_REPRESENTATION_CONTEXT(2) 
PARAMETRIC_REPRESENTATION_CONTEXT() REPRESENTATION_CONTEXT('2D SPACE',''
  ) );
#1120 = PCURVE('',#1121,#1126);
#1121 = PLANE('',#1122);
#1122 = AXIS2_PLACEMENT_3D('',#1123,#1124,#1125);
#1123 = CARTESIAN_POINT('',(-22.7,-4.681778016906,23.378834291754));
#1124 = DIRECTION('',(1.,0.,0.));
#1125 = DIRECTION('',(0.,0.258819045103,0.965925826289));
#1126 = DEFINITIONAL_REPRESENTATION('',(#1127),#1131);
#1127 = LINE('',#1128,#1129);
#1128 = CARTESIAN_POINT('',(0.,0.));
#1129 = VECTOR('',#1130,1.);
#1130 = DIRECTION('',(0.,-1.));
#1131 = ( GEOMETRIC_REPRESENTATION_CONTEXT(2) 
PARAMETRIC_REPRESENTATION_CONTEXT() REPRESENTATION_CONTEXT('2D SPACE',''
  ) );
#1132 = ORIENTED_EDGE('',*,*,#1133,.T.);
#1133 = EDGE_CURVE('',#1106,#1134,#1136,.T.);
#1134 = VERTEX_POINT('',#1135);
#1135 = CARTESIAN_POINT('',(-19.5,-4.681778016906,23.378834291754));
#1136 = SURFACE_CURVE('',#1137,(#1141,#1148),.PCURVE_S1.);
#1137 = LINE('',#1138,#1139);
#1138 = CARTESIAN_POINT('',(-24.9,-4.681778016906,23.378834291754));
#1139 = VECTOR('',#1140,1.);
#1140 = DIRECTION('',(1.,0.,0.));
#1141 = PCURVE('',#645,#1142);
#1142 = DEFINITIONAL_REPRESENTATION('',(#1143),#1147);
#1143 = LINE('',#1144,#1145);
#1144 = CARTESIAN_POINT('',(2.6645352591E-15,2.4));
#1145 = VECTOR('',#1146,1.);
#1146 = DIRECTION('',(1.,0.));
#1147 = ( GEOMETRIC_REPRESENTATION_CONTEXT(2) 
PARAMETRIC_REPRESENTATION_CONTEXT() REPRESENTATION_CONTEXT('2D SPACE',''
  ) );
#1148 = PCURVE('',#1149,#1154);
#1149 = PLANE('',#1150);
#1150 = AXIS2_PLACEMENT_3D('',#1151,#1152,#1153);
#1151 = CARTESIAN_POINT('',(-24.9,-4.681778016906,23.378834291754));
#1152 = DIRECTION('',(0.,0.965925826289,-0.258819045103));
#1153 = DIRECTION('',(0.,0.258819045103,0.965925826289));
#1154 = DEFINITIONAL_REPRESENTATION('',(#1155),#1159);
#1155 = LINE('',#1156,#1157);
#1156 = CARTESIAN_POINT('',(0.,0.));
#1157 = VECTOR('',#1158,1.);
#1158 = DIRECTION('',(0.,1.));
#1159 = ( GEOMETRIC_REPRESENTATION_CONTEXT(2) 
PARAMETRIC_REPRESENTATION_CONTEXT() REPRESENTATION_CONTEXT('2D SPACE',''
  ) );
#1160 = ORIENTED_EDGE('',*,*,#1161,.F.);
#1161 = EDGE_CURVE('',#1029,#1134,#1162,.T.);
#1162 = SURFACE_CURVE('',#1163,(#1167,#1174),.PCURVE_S1.);
#1163 = LINE('',#1164,#1165);
#1164 = CARTESIAN_POINT('',(-19.5,-7.,24.));
#1165 = VECTOR('',#1166,1.);
#1166 = DIRECTION('',(0.,0.965925826289,-0.258819045103));
#1167 = PCURVE('',#645,#1168);
#1168 = DEFINITIONAL_REPRESENTATION('',(#1169),#1173);
#1169 = LINE('',#1170,#1171);
#1170 = CARTESIAN_POINT('',(5.4,0.));
#1171 = VECTOR('',#1172,1.);
#1172 = DIRECTION('',(0.,1.));
#1173 = ( GEOMETRIC_REPRESENTATION_CONTEXT(2) 
PARAMETRIC_REPRESENTATION_CONTEXT() REPRESENTATION_CONTEXT('2D SPACE',''
  ) );
#1174 = PCURVE('',#1044,#1175);
#1175 = DEFINITIONAL_REPRESENTATION('',(#1176),#1180);
#1176 = LINE('',#1177,#1178);
#1177 = CARTESIAN_POINT('',(0.,0.));
#1178 = VECTOR('',#1179,1.);
#1179 = DIRECTION('',(0.,-1.));
#1180 = ( GEOMETRIC_REPRESENTATION_CONTEXT(2) 
PARAMETRIC_REPRESENTATION_CONTEXT() REPRESENTATION_CONTEXT('2D SPACE',''
  ) );
#1181 = ORIENTED_EDGE('',*,*,#1056,.T.);
#1182 = ORIENTED_EDGE('',*,*,#629,.T.);
#1183 = ORIENTED_EDGE('',*,*,#706,.F.);
#1184 = ADVANCED_FACE('',(#1185),#1044,.T.);
#1185 = FACE_BOUND('',#1186,.T.);
#1186 = EDGE_LOOP('',(#1187,#1188,#1189,#1212));
#1187 = ORIENTED_EDGE('',*,*,#1028,.F.);
#1188 = ORIENTED_EDGE('',*,*,#1161,.T.);
#1189 = ORIENTED_EDGE('',*,*,#1190,.T.);
#1190 = EDGE_CURVE('',#1134,#1191,#1193,.T.);
#1191 = VERTEX_POINT('',#1192);
#1192 = CARTESIAN_POINT('',(-19.5,-1.317130430573,35.935870033512));
#1193 = SURFACE_CURVE('',#1194,(#1198,#1205),.PCURVE_S1.);
#1194 = LINE('',#1195,#1196);
#1195 = CARTESIAN_POINT('',(-19.5,-4.681778016906,23.378834291754));
#1196 = VECTOR('',#1197,1.);
#1197 = DIRECTION('',(0.,0.258819045103,0.965925826289));
#1198 = PCURVE('',#1044,#1199);
#1199 = DEFINITIONAL_REPRESENTATION('',(#1200),#1204);
#1200 = LINE('',#1201,#1202);
#1201 = CARTESIAN_POINT('',(0.,-2.4));
#1202 = VECTOR('',#1203,1.);
#1203 = DIRECTION('',(1.,0.));
#1204 = ( GEOMETRIC_REPRESENTATION_CONTEXT(2) 
PARAMETRIC_REPRESENTATION_CONTEXT() REPRESENTATION_CONTEXT('2D SPACE',''
  ) );
#1205 = PCURVE('',#1149,#1206);
#1206 = DEFINITIONAL_REPRESENTATION('',(#1207),#1211);
#1207 = LINE('',#1208,#1209);
#1208 = CARTESIAN_POINT('',(0.,5.4));
#1209 = VECTOR('',#1210,1.);
#1210 = DIRECTION('',(1.,0.));
#1211 = ( GEOMETRIC_REPRESENTATION_CONTEXT(2) 
PARAMETRIC_REPRESENTATION_CONTEXT() REPRESENTATION_CONTEXT('2D SPACE',''
  ) );
#1212 = ORIENTED_EDGE('',*,*,#1213,.F.);
#1213 = EDGE_CURVE('',#1006,#1191,#1214,.T.);
#1214 = SURFACE_CURVE('',#1215,(#1219,#1226),.PCURVE_S1.);
#1215 = LINE('',#1216,#1217);
#1216 = CARTESIAN_POINT('',(-19.5,-3.635352413667,36.557035741758));
#1217 = VECTOR('',#1218,1.);
#1218 = DIRECTION('',(0.,0.965925826289,-0.258819045103));
#1219 = PCURVE('',#1044,#1220);
#1220 = DEFINITIONAL_REPRESENTATION('',(#1221),#1225);
#1221 = LINE('',#1222,#1223);
#1222 = CARTESIAN_POINT('',(13.,0.));
#1223 = VECTOR('',#1224,1.);
#1224 = DIRECTION('',(0.,-1.));
#1225 = ( GEOMETRIC_REPRESENTATION_CONTEXT(2) 
PARAMETRIC_REPRESENTATION_CONTEXT() REPRESENTATION_CONTEXT('2D SPACE',''
  ) );
#1226 = PCURVE('',#988,#1227);
#1227 = DEFINITIONAL_REPRESENTATION('',(#1228),#1232);
#1228 = LINE('',#1229,#1230);
#1229 = CARTESIAN_POINT('',(5.4,0.));
#1230 = VECTOR('',#1231,1.);
#1231 = DIRECTION('',(0.,1.));
#1232 = ( GEOMETRIC_REPRESENTATION_CONTEXT(2) 
PARAMETRIC_REPRESENTATION_CONTEXT() REPRESENTATION_CONTEXT('2D SPACE',''
  ) );
#1233 = ADVANCED_FACE('',(#1234),#1149,.T.);
#1234 = FACE_BOUND('',#1235,.T.);
#1235 = EDGE_LOOP('',(#1236,#1237,#1260,#1344,#1367,#1388));
#1236 = ORIENTED_EDGE('',*,*,#1133,.F.);
#1237 = ORIENTED_EDGE('',*,*,#1238,.T.);
#1238 = EDGE_CURVE('',#1106,#1239,#1241,.T.);
#1239 = VERTEX_POINT('',#1240);
#1240 = CARTESIAN_POINT('',(-22.7,-2.816248897604,30.341083747988));
#1241 = SURFACE_CURVE('',#1242,(#1246,#1253),.PCURVE_S1.);
#1242 = LINE('',#1243,#1244);
#1243 = CARTESIAN_POINT('',(-22.7,-4.681778016906,23.378834291754));
#1244 = VECTOR('',#1245,1.);
#1245 = DIRECTION('',(0.,0.258819045103,0.965925826289));
#1246 = PCURVE('',#1149,#1247);
#1247 = DEFINITIONAL_REPRESENTATION('',(#1248),#1252);
#1248 = LINE('',#1249,#1250);
#1249 = CARTESIAN_POINT('',(0.,2.2));
#1250 = VECTOR('',#1251,1.);
#1251 = DIRECTION('',(1.,0.));
#1252 = ( GEOMETRIC_REPRESENTATION_CONTEXT(2) 
PARAMETRIC_REPRESENTATION_CONTEXT() REPRESENTATION_CONTEXT('2D SPACE',''
  ) );
#1253 = PCURVE('',#1121,#1254);
#1254 = DEFINITIONAL_REPRESENTATION('',(#1255),#1259);
#1255 = LINE('',#1256,#1257);
#1256 = CARTESIAN_POINT('',(0.,0.));
#1257 = VECTOR('',#1258,1.);
#1258 = DIRECTION('',(1.,0.));
#1259 = ( GEOMETRIC_REPRESENTATION_CONTEXT(2) 
PARAMETRIC_REPRESENTATION_CONTEXT() REPRESENTATION_CONTEXT('2D SPACE',''
  ) );
#1260 = ORIENTED_EDGE('',*,*,#1261,.F.);
#1261 = EDGE_CURVE('',#1262,#1239,#1264,.T.);
#1262 = VERTEX_POINT('',#1263);
#1263 = CARTESIAN_POINT('',(-22.7,-2.406202414568,31.871398056145));
#1264 = SURFACE_CURVE('',#1265,(#1270,#1277),.PCURVE_S1.);
#1265 = CIRCLE('',#1266,0.93674969976);
#1266 = AXIS2_PLACEMENT_3D('',#1267,#1268,#1269);
#1267 = CARTESIAN_POINT('',(-22.2,-2.611225656086,31.106240902066));
#1268 = DIRECTION('',(-0.,0.965925826289,-0.258819045103));
#1269 = DIRECTION('',(0.,0.258819045103,0.965925826289));
#1270 = PCURVE('',#1149,#1271);
#1271 = DEFINITIONAL_REPRESENTATION('',(#1272),#1276);
#1272 = CIRCLE('',#1273,0.93674969976);
#1273 = AXIS2_PLACEMENT_2D('',#1274,#1275);
#1274 = CARTESIAN_POINT('',(8.,2.7));
#1275 = DIRECTION('',(1.,0.));
#1276 = ( GEOMETRIC_REPRESENTATION_CONTEXT(2) 
PARAMETRIC_REPRESENTATION_CONTEXT() REPRESENTATION_CONTEXT('2D SPACE',''
  ) );
#1277 = PCURVE('',#1278,#1283);
#1278 = SPHERICAL_SURFACE('',#1279,1.2);
#1279 = AXIS2_PLACEMENT_3D('',#1280,#1281,#1282);
#1280 = CARTESIAN_POINT('',(-22.2,-3.335670025803,31.300355185893));
#1281 = DIRECTION('',(0.,0.258819045103,0.965925826289));
#1282 = DIRECTION('',(1.,0.,0.));
#1283 = DEFINITIONAL_REPRESENTATION('',(#1284),#1343);
#1284 = B_SPLINE_CURVE_WITH_KNOTS('',8,(#1285,#1286,#1287,#1288,#1289,
    #1290,#1291,#1292,#1293,#1294,#1295,#1296,#1297,#1298,#1299,#1300,
    #1301,#1302,#1303,#1304,#1305,#1306,#1307,#1308,#1309,#1310,#1311,
    #1312,#1313,#1314,#1315,#1316,#1317,#1318,#1319,#1320,#1321,#1322,
    #1323,#1324,#1325,#1326,#1327,#1328,#1329,#1330,#1331,#1332,#1333,
    #1334,#1335,#1336,#1337,#1338,#1339,#1340,#1341,#1342),
  .UNSPECIFIED.,.F.,.F.,(9,7,7,7,7,7,7,7,9),(5.720143985458,
    6.253603397587,6.7203803832,7.537240108023,8.14988490164,
    8.609368496853,9.298593889672,9.643206586082,9.987819282491),
  .UNSPECIFIED.);
#1285 = CARTESIAN_POINT('',(2.158798930342,0.720984022778));
#1286 = CARTESIAN_POINT('',(2.110039777228,0.757972777852));
#1287 = CARTESIAN_POINT('',(2.055313319045,0.791869731453));
#1288 = CARTESIAN_POINT('',(1.994214300026,0.822099604108));
#1289 = CARTESIAN_POINT('',(1.926570780665,0.84799691548));
#1290 = CARTESIAN_POINT('',(1.852521851755,0.868834090936));
#1291 = CARTESIAN_POINT('',(1.773222605304,0.883863628074));
#1292 = CARTESIAN_POINT('',(1.690858365122,0.89265679695));
#1293 = CARTESIAN_POINT('',(1.534977567342,0.897272540602));
#1294 = CARTESIAN_POINT('',(1.461643071628,0.894579005106));
#1295 = CARTESIAN_POINT('',(1.389259041289,0.886975442357));
#1296 = CARTESIAN_POINT('',(1.31946945669,0.874593103601));
#1297 = CARTESIAN_POINT('',(1.253626592276,0.857794335439));
#1298 = CARTESIAN_POINT('',(1.192364893605,0.837043419892));
#1299 = CARTESIAN_POINT('',(1.135947132997,0.812808296613));
#1300 = CARTESIAN_POINT('',(0.994067025699,0.737798417383));
#1301 = CARTESIAN_POINT('',(0.91855529446,0.680750656263));
#1302 = CARTESIAN_POINT('',(0.857753743704,0.616763056072));
#1303 = CARTESIAN_POINT('',(0.808985887675,0.547938385167));
#1304 = CARTESIAN_POINT('',(0.770154565405,0.475527640959));
#1305 = CARTESIAN_POINT('',(0.739748149786,0.400536579515));
#1306 = CARTESIAN_POINT('',(0.716646559443,0.323690298573));
#1307 = CARTESIAN_POINT('',(0.687786205116,0.187039964316));
#1308 = CARTESIAN_POINT('',(0.679135156849,0.127778211217));
#1309 = CARTESIAN_POINT('',(0.673905588743,6.807648700598E-02));
#1310 = CARTESIAN_POINT('',(0.671927614946,8.154236199502E-03));
#1311 = CARTESIAN_POINT('',(0.673140640373,-5.178846134205E-02));
#1312 = CARTESIAN_POINT('',(0.677587318831,-0.111552595846));
#1313 = CARTESIAN_POINT('',(0.685418487485,-0.17092218234));
#1314 = CARTESIAN_POINT('',(0.705527020326,-0.273689676375));
#1315 = CARTESIAN_POINT('',(0.716203076939,-0.317369812132));
#1316 = CARTESIAN_POINT('',(0.729054570602,-0.360580673004));
#1317 = CARTESIAN_POINT('',(0.744234252635,-0.403204335623));
#1318 = CARTESIAN_POINT('',(0.761939965528,-0.445105783827));
#1319 = CARTESIAN_POINT('',(0.782417410263,-0.486125940368));
#1320 = CARTESIAN_POINT('',(0.805956018054,-0.526073098646));
#1321 = CARTESIAN_POINT('',(0.873260789146,-0.622672238271));
#1322 = CARTESIAN_POINT('',(0.921256180579,-0.677689030426));
#1323 = CARTESIAN_POINT('',(0.977934922261,-0.728979816788));
#1324 = CARTESIAN_POINT('',(1.044563454401,-0.775508803285));
#1325 = CARTESIAN_POINT('',(1.122149851975,-0.816068630167));
#1326 = CARTESIAN_POINT('',(1.211735496809,-0.84890765579));
#1327 = CARTESIAN_POINT('',(1.310710241678,-0.872417293797));
#1328 = CARTESIAN_POINT('',(1.466973989032,-0.892484010497));
#1329 = CARTESIAN_POINT('',(1.520361894679,-0.896639651074));
#1330 = CARTESIAN_POINT('',(1.574525629059,-0.898161021825));
#1331 = CARTESIAN_POINT('',(1.628835751004,-0.896992958004));
#1332 = CARTESIAN_POINT('',(1.682610610704,-0.893146180167));
#1333 = CARTESIAN_POINT('',(1.735221513715,-0.886696158884));
#1334 = CARTESIAN_POINT('',(1.786177432967,-0.877767935254));
#1335 = CARTESIAN_POINT('',(1.884056015438,-0.855260131772));
#1336 = CARTESIAN_POINT('',(1.930979785367,-0.841680642837));
#1337 = CARTESIAN_POINT('',(1.975522931571,-0.82592818731));
#1338 = CARTESIAN_POINT('',(2.017468160625,-0.808185067224));
#1339 = CARTESIAN_POINT('',(2.056726669193,-0.788641888181));
#1340 = CARTESIAN_POINT('',(2.093311090746,-0.767482979744));
#1341 = CARTESIAN_POINT('',(2.127300707896,-0.744878614068));
#1342 = CARTESIAN_POINT('',(2.158798930342,-0.720984022778));
#1343 = ( GEOMETRIC_REPRESENTATION_CONTEXT(2) 
PARAMETRIC_REPRESENTATION_CONTEXT() REPRESENTATION_CONTEXT('2D SPACE',''
  ) );
#1344 = ORIENTED_EDGE('',*,*,#1345,.T.);
#1345 = EDGE_CURVE('',#1262,#1346,#1348,.T.);
#1346 = VERTEX_POINT('',#1347);
#1347 = CARTESIAN_POINT('',(-22.7,-1.317130430573,35.935870033512));
#1348 = SURFACE_CURVE('',#1349,(#1353,#1360),.PCURVE_S1.);
#1349 = LINE('',#1350,#1351);
#1350 = CARTESIAN_POINT('',(-22.7,-4.681778016906,23.378834291754));
#1351 = VECTOR('',#1352,1.);
#1352 = DIRECTION('',(0.,0.258819045103,0.965925826289));
#1353 = PCURVE('',#1149,#1354);
#1354 = DEFINITIONAL_REPRESENTATION('',(#1355),#1359);
#1355 = LINE('',#1356,#1357);
#1356 = CARTESIAN_POINT('',(0.,2.2));
#1357 = VECTOR('',#1358,1.);
#1358 = DIRECTION('',(1.,0.));
#1359 = ( GEOMETRIC_REPRESENTATION_CONTEXT(2) 
PARAMETRIC_REPRESENTATION_CONTEXT() REPRESENTATION_CONTEXT('2D SPACE',''
  ) );
#1360 = PCURVE('',#1121,#1361);
#1361 = DEFINITIONAL_REPRESENTATION('',(#1362),#1366);
#1362 = LINE('',#1363,#1364);
#1363 = CARTESIAN_POINT('',(0.,0.));
#1364 = VECTOR('',#1365,1.);
#1365 = DIRECTION('',(1.,0.));
#1366 = ( GEOMETRIC_REPRESENTATION_CONTEXT(2) 
PARAMETRIC_REPRESENTATION_CONTEXT() REPRESENTATION_CONTEXT('2D SPACE',''
  ) );
#1367 = ORIENTED_EDGE('',*,*,#1368,.T.);
#1368 = EDGE_CURVE('',#1346,#1191,#1369,.T.);
#1369 = SURFACE_CURVE('',#1370,(#1374,#1381),.PCURVE_S1.);
#1370 = LINE('',#1371,#1372);
#1371 = CARTESIAN_POINT('',(-24.9,-1.317130430573,35.935870033512));
#1372 = VECTOR('',#1373,1.);
#1373 = DIRECTION('',(1.,0.,0.));
#1374 = PCURVE('',#1149,#1375);
#1375 = DEFINITIONAL_REPRESENTATION('',(#1376),#1380);
#1376 = LINE('',#1377,#1378);
#1377 = CARTESIAN_POINT('',(13.,0.));
#1378 = VECTOR('',#1379,1.);
#1379 = DIRECTION('',(0.,1.));
#1380 = ( GEOMETRIC_REPRESENTATION_CONTEXT(2) 
PARAMETRIC_REPRESENTATION_CONTEXT() REPRESENTATION_CONTEXT('2D SPACE',''
  ) );
#1381 = PCURVE('',#988,#1382);
#1382 = DEFINITIONAL_REPRESENTATION('',(#1383),#1387);
#1383 = LINE('',#1384,#1385);
#1384 = CARTESIAN_POINT('',(0.,2.4));
#1385 = VECTOR('',#1386,1.);
#1386 = DIRECTION('',(1.,0.));
#1387 = ( GEOMETRIC_REPRESENTATION_CONTEXT(2) 
PARAMETRIC_REPRESENTATION_CONTEXT() REPRESENTATION_CONTEXT('2D SPACE',''
  ) );
#1388 = ORIENTED_EDGE('',*,*,#1190,.F.);
#1389 = ADVANCED_FACE('',(#1390),#1121,.T.);
#1390 = FACE_BOUND('',#1391,.T.);
#1391 = EDGE_LOOP('',(#1392,#1393,#1394,#1417,#1440,#1480,#1503,#1526,
    #1547,#1548));
#1392 = ORIENTED_EDGE('',*,*,#1238,.F.);
#1393 = ORIENTED_EDGE('',*,*,#1105,.T.);
#1394 = ORIENTED_EDGE('',*,*,#1395,.T.);
#1395 = EDGE_CURVE('',#1083,#1396,#1398,.T.);
#1396 = VERTEX_POINT('',#1397);
#1397 = CARTESIAN_POINT('',(-22.7,12.036171726447,25.110930241379));
#1398 = SURFACE_CURVE('',#1399,(#1403,#1410),.PCURVE_S1.);
#1399 = LINE('',#1400,#1401);
#1400 = CARTESIAN_POINT('',(-22.7,10.483257455832,19.315375283644));
#1401 = VECTOR('',#1402,1.);
#1402 = DIRECTION('',(0.,0.258819045103,0.965925826289));
#1403 = PCURVE('',#1121,#1404);
#1404 = DEFINITIONAL_REPRESENTATION('',(#1405),#1409);
#1405 = LINE('',#1406,#1407);
#1406 = CARTESIAN_POINT('',(0.,-15.7));
#1407 = VECTOR('',#1408,1.);
#1408 = DIRECTION('',(1.,0.));
#1409 = ( GEOMETRIC_REPRESENTATION_CONTEXT(2) 
PARAMETRIC_REPRESENTATION_CONTEXT() REPRESENTATION_CONTEXT('2D SPACE',''
  ) );
#1410 = PCURVE('',#794,#1411);
#1411 = DEFINITIONAL_REPRESENTATION('',(#1412),#1416);
#1412 = LINE('',#1413,#1414);
#1413 = CARTESIAN_POINT('',(0.,2.2));
#1414 = VECTOR('',#1415,1.);
#1415 = DIRECTION('',(1.,0.));
#1416 = ( GEOMETRIC_REPRESENTATION_CONTEXT(2) 
PARAMETRIC_REPRESENTATION_CONTEXT() REPRESENTATION_CONTEXT('2D SPACE',''
  ) );
#1417 = ORIENTED_EDGE('',*,*,#1418,.T.);
#1418 = EDGE_CURVE('',#1396,#1419,#1421,.T.);
#1419 = VERTEX_POINT('',#1420);
#1420 = CARTESIAN_POINT('',(-22.7,12.348786575134,26.277624739878));
#1421 = SURFACE_CURVE('',#1422,(#1426,#1433),.PCURVE_S1.);
#1422 = LINE('',#1423,#1424);
#1423 = CARTESIAN_POINT('',(-22.7,10.483257455832,19.315375283644));
#1424 = VECTOR('',#1425,1.);
#1425 = DIRECTION('',(0.,0.258819045103,0.965925826289));
#1426 = PCURVE('',#1121,#1427);
#1427 = DEFINITIONAL_REPRESENTATION('',(#1428),#1432);
#1428 = LINE('',#1429,#1430);
#1429 = CARTESIAN_POINT('',(0.,-15.7));
#1430 = VECTOR('',#1431,1.);
#1431 = DIRECTION('',(1.,0.));
#1432 = ( GEOMETRIC_REPRESENTATION_CONTEXT(2) 
PARAMETRIC_REPRESENTATION_CONTEXT() REPRESENTATION_CONTEXT('2D SPACE',''
  ) );
#1433 = PCURVE('',#906,#1434);
#1434 = DEFINITIONAL_REPRESENTATION('',(#1435),#1439);
#1435 = LINE('',#1436,#1437);
#1436 = CARTESIAN_POINT('',(-6.,2.2));
#1437 = VECTOR('',#1438,1.);
#1438 = DIRECTION('',(1.,0.));
#1439 = ( GEOMETRIC_REPRESENTATION_CONTEXT(2) 
PARAMETRIC_REPRESENTATION_CONTEXT() REPRESENTATION_CONTEXT('2D SPACE',''
  ) );
#1440 = ORIENTED_EDGE('',*,*,#1441,.F.);
#1441 = EDGE_CURVE('',#1442,#1419,#1444,.T.);
#1442 = VERTEX_POINT('',#1443);
#1443 = CARTESIAN_POINT('',(-22.7,12.758833058171,27.807939048035));
#1444 = SURFACE_CURVE('',#1445,(#1450,#1457),.PCURVE_S1.);
#1445 = CIRCLE('',#1446,1.090871211464);
#1446 = AXIS2_PLACEMENT_3D('',#1447,#1448,#1449);
#1447 = CARTESIAN_POINT('',(-22.7,13.278254186369,26.84866761013));
#1448 = DIRECTION('',(1.,0.,-0.));
#1449 = DIRECTION('',(0.,0.258819045103,0.965925826289));
#1450 = PCURVE('',#1121,#1451);
#1451 = DEFINITIONAL_REPRESENTATION('',(#1452),#1456);
#1452 = CIRCLE('',#1453,1.090871211464);
#1453 = AXIS2_PLACEMENT_2D('',#1454,#1455);
#1454 = CARTESIAN_POINT('',(8.,-16.45));
#1455 = DIRECTION('',(1.,0.));
#1456 = ( GEOMETRIC_REPRESENTATION_CONTEXT(2) 
PARAMETRIC_REPRESENTATION_CONTEXT() REPRESENTATION_CONTEXT('2D SPACE',''
  ) );
#1457 = PCURVE('',#1458,#1463);
#1458 = SPHERICAL_SURFACE('',#1459,1.2);
#1459 = AXIS2_PLACEMENT_3D('',#1460,#1461,#1462);
#1460 = CARTESIAN_POINT('',(-22.2,13.278254186369,26.84866761013));
#1461 = DIRECTION('',(0.,0.258819045103,0.965925826289));
#1462 = DIRECTION('',(1.,0.,0.));
#1463 = DEFINITIONAL_REPRESENTATION('',(#1464),#1479);
#1464 = B_SPLINE_CURVE_WITH_KNOTS('',7,(#1465,#1466,#1467,#1468,#1469,
    #1470,#1471,#1472,#1473,#1474,#1475,#1476,#1477,#1478),
  .UNSPECIFIED.,.F.,.F.,(8,6,8),(0.758073640194,1.570796326795,
    2.383519013396),.UNSPECIFIED.);
#1465 = CARTESIAN_POINT('',(4.124386376837,0.720984022778));
#1466 = CARTESIAN_POINT('',(4.18098395432,0.624380286978));
#1467 = CARTESIAN_POINT('',(4.219111312983,0.523525513683));
#1468 = CARTESIAN_POINT('',(4.246109528935,0.420577788744));
#1469 = CARTESIAN_POINT('',(4.26473789181,0.316225231064));
#1470 = CARTESIAN_POINT('',(4.276657568221,0.21109062598));
#1471 = CARTESIAN_POINT('',(4.28261354908,0.105544735919));
#1472 = CARTESIAN_POINT('',(4.28261354908,-0.105544735919));
#1473 = CARTESIAN_POINT('',(4.276657568221,-0.21109062598));
#1474 = CARTESIAN_POINT('',(4.264737891808,-0.316225231064));
#1475 = CARTESIAN_POINT('',(4.246109528936,-0.420577788744));
#1476 = CARTESIAN_POINT('',(4.219111312982,-0.523525513683));
#1477 = CARTESIAN_POINT('',(4.18098395432,-0.624380286978));
#1478 = CARTESIAN_POINT('',(4.124386376837,-0.720984022778));
#1479 = ( GEOMETRIC_REPRESENTATION_CONTEXT(2) 
PARAMETRIC_REPRESENTATION_CONTEXT() REPRESENTATION_CONTEXT('2D SPACE',''
  ) );
#1480 = ORIENTED_EDGE('',*,*,#1481,.T.);
#1481 = EDGE_CURVE('',#1442,#1482,#1484,.T.);
#1482 = VERTEX_POINT('',#1483);
#1483 = CARTESIAN_POINT('',(-22.7,14.106724087267,32.838336851691));
#1484 = SURFACE_CURVE('',#1485,(#1489,#1496),.PCURVE_S1.);
#1485 = LINE('',#1486,#1487);
#1486 = CARTESIAN_POINT('',(-22.7,10.483257455832,19.315375283644));
#1487 = VECTOR('',#1488,1.);
#1488 = DIRECTION('',(0.,0.258819045103,0.965925826289));
#1489 = PCURVE('',#1121,#1490);
#1490 = DEFINITIONAL_REPRESENTATION('',(#1491),#1495);
#1491 = LINE('',#1492,#1493);
#1492 = CARTESIAN_POINT('',(0.,-15.7));
#1493 = VECTOR('',#1494,1.);
#1494 = DIRECTION('',(1.,0.));
#1495 = ( GEOMETRIC_REPRESENTATION_CONTEXT(2) 
PARAMETRIC_REPRESENTATION_CONTEXT() REPRESENTATION_CONTEXT('2D SPACE',''
  ) );
#1496 = PCURVE('',#906,#1497);
#1497 = DEFINITIONAL_REPRESENTATION('',(#1498),#1502);
#1498 = LINE('',#1499,#1500);
#1499 = CARTESIAN_POINT('',(-6.,2.2));
#1500 = VECTOR('',#1501,1.);
#1501 = DIRECTION('',(1.,0.));
#1502 = ( GEOMETRIC_REPRESENTATION_CONTEXT(2) 
PARAMETRIC_REPRESENTATION_CONTEXT() REPRESENTATION_CONTEXT('2D SPACE',''
  ) );
#1503 = ORIENTED_EDGE('',*,*,#1504,.F.);
#1504 = EDGE_CURVE('',#1505,#1482,#1507,.T.);
#1505 = VERTEX_POINT('',#1506);
#1506 = CARTESIAN_POINT('',(-22.7,-1.058311385471,36.901795859801));
#1507 = SURFACE_CURVE('',#1508,(#1512,#1519),.PCURVE_S1.);
#1508 = LINE('',#1509,#1510);
#1509 = CARTESIAN_POINT('',(-22.7,-1.058311385471,36.901795859801));
#1510 = VECTOR('',#1511,1.);
#1511 = DIRECTION('',(0.,0.965925826289,-0.258819045103));
#1512 = PCURVE('',#1121,#1513);
#1513 = DEFINITIONAL_REPRESENTATION('',(#1514),#1518);
#1514 = LINE('',#1515,#1516);
#1515 = CARTESIAN_POINT('',(14.,0.));
#1516 = VECTOR('',#1517,1.);
#1517 = DIRECTION('',(0.,-1.));
#1518 = ( GEOMETRIC_REPRESENTATION_CONTEXT(2) 
PARAMETRIC_REPRESENTATION_CONTEXT() REPRESENTATION_CONTEXT('2D SPACE',''
  ) );
#1519 = PCURVE('',#934,#1520);
#1520 = DEFINITIONAL_REPRESENTATION('',(#1521),#1525);
#1521 = LINE('',#1522,#1523);
#1522 = CARTESIAN_POINT('',(2.2,0.));
#1523 = VECTOR('',#1524,1.);
#1524 = DIRECTION('',(0.,1.));
#1525 = ( GEOMETRIC_REPRESENTATION_CONTEXT(2) 
PARAMETRIC_REPRESENTATION_CONTEXT() REPRESENTATION_CONTEXT('2D SPACE',''
  ) );
#1526 = ORIENTED_EDGE('',*,*,#1527,.F.);
#1527 = EDGE_CURVE('',#1346,#1505,#1528,.T.);
#1528 = SURFACE_CURVE('',#1529,(#1533,#1540),.PCURVE_S1.);
#1529 = LINE('',#1530,#1531);
#1530 = CARTESIAN_POINT('',(-22.7,-4.681778016906,23.378834291754));
#1531 = VECTOR('',#1532,1.);
#1532 = DIRECTION('',(0.,0.258819045103,0.965925826289));
#1533 = PCURVE('',#1121,#1534);
#1534 = DEFINITIONAL_REPRESENTATION('',(#1535),#1539);
#1535 = LINE('',#1536,#1537);
#1536 = CARTESIAN_POINT('',(0.,0.));
#1537 = VECTOR('',#1538,1.);
#1538 = DIRECTION('',(1.,0.));
#1539 = ( GEOMETRIC_REPRESENTATION_CONTEXT(2) 
PARAMETRIC_REPRESENTATION_CONTEXT() REPRESENTATION_CONTEXT('2D SPACE',''
  ) );
#1540 = PCURVE('',#962,#1541);
#1541 = DEFINITIONAL_REPRESENTATION('',(#1542),#1546);
#1542 = LINE('',#1543,#1544);
#1543 = CARTESIAN_POINT('',(0.,2.2));
#1544 = VECTOR('',#1545,1.);
#1545 = DIRECTION('',(1.,0.));
#1546 = ( GEOMETRIC_REPRESENTATION_CONTEXT(2) 
PARAMETRIC_REPRESENTATION_CONTEXT() REPRESENTATION_CONTEXT('2D SPACE',''
  ) );
#1547 = ORIENTED_EDGE('',*,*,#1345,.F.);
#1548 = ORIENTED_EDGE('',*,*,#1549,.F.);
#1549 = EDGE_CURVE('',#1239,#1262,#1550,.T.);
#1550 = SURFACE_CURVE('',#1551,(#1556,#1563),.PCURVE_S1.);
#1551 = CIRCLE('',#1552,1.090871211464);
#1552 = AXIS2_PLACEMENT_3D('',#1553,#1554,#1555);
#1553 = CARTESIAN_POINT('',(-22.7,-3.335670025803,31.300355185893));
#1554 = DIRECTION('',(1.,0.,-0.));
#1555 = DIRECTION('',(0.,0.258819045103,0.965925826289));
#1556 = PCURVE('',#1121,#1557);
#1557 = DEFINITIONAL_REPRESENTATION('',(#1558),#1562);
#1558 = CIRCLE('',#1559,1.090871211464);
#1559 = AXIS2_PLACEMENT_2D('',#1560,#1561);
#1560 = CARTESIAN_POINT('',(8.,0.75));
#1561 = DIRECTION('',(1.,0.));
#1562 = ( GEOMETRIC_REPRESENTATION_CONTEXT(2) 
PARAMETRIC_REPRESENTATION_CONTEXT() REPRESENTATION_CONTEXT('2D SPACE',''
  ) );
#1563 = PCURVE('',#1278,#1564);
#1564 = DEFINITIONAL_REPRESENTATION('',(#1565),#1580);
#1565 = B_SPLINE_CURVE_WITH_KNOTS('',7,(#1566,#1567,#1568,#1569,#1570,
    #1571,#1572,#1573,#1574,#1575,#1576,#1577,#1578,#1579),
  .UNSPECIFIED.,.F.,.F.,(8,6,8),(3.899666293784,4.712388980385,
    5.525111666986),.UNSPECIFIED.);
#1566 = CARTESIAN_POINT('',(2.158798930342,-0.720984022778));
#1567 = CARTESIAN_POINT('',(2.102201352859,-0.624380286978));
#1568 = CARTESIAN_POINT('',(2.064073994197,-0.523525513683));
#1569 = CARTESIAN_POINT('',(2.037075778244,-0.420577788744));
#1570 = CARTESIAN_POINT('',(2.018447415372,-0.316225231065));
#1571 = CARTESIAN_POINT('',(2.006527738958,-0.21109062598));
#1572 = CARTESIAN_POINT('',(2.000571758099,-0.105544735919));
#1573 = CARTESIAN_POINT('',(2.000571758099,0.105544735919));
#1574 = CARTESIAN_POINT('',(2.006527738958,0.21109062598));
#1575 = CARTESIAN_POINT('',(2.018447415372,0.316225231064));
#1576 = CARTESIAN_POINT('',(2.037075778243,0.420577788744));
#1577 = CARTESIAN_POINT('',(2.064073994197,0.523525513683));
#1578 = CARTESIAN_POINT('',(2.102201352859,0.624380286978));
#1579 = CARTESIAN_POINT('',(2.158798930342,0.720984022778));
#1580 = ( GEOMETRIC_REPRESENTATION_CONTEXT(2) 
PARAMETRIC_REPRESENTATION_CONTEXT() REPRESENTATION_CONTEXT('2D SPACE',''
  ) );
#1581 = ADVANCED_FACE('',(#1582),#794,.T.);
#1582 = FACE_BOUND('',#1583,.T.);
#1583 = EDGE_LOOP('',(#1584,#1585,#1586,#1587));
#1584 = ORIENTED_EDGE('',*,*,#1395,.F.);
#1585 = ORIENTED_EDGE('',*,*,#1082,.F.);
#1586 = ORIENTED_EDGE('',*,*,#778,.T.);
#1587 = ORIENTED_EDGE('',*,*,#1588,.T.);
#1588 = EDGE_CURVE('',#779,#1396,#1589,.T.);
#1589 = SURFACE_CURVE('',#1590,(#1594,#1601),.PCURVE_S1.);
#1590 = LINE('',#1591,#1592);
#1591 = CARTESIAN_POINT('',(-24.9,12.036171726447,25.110930241379));
#1592 = VECTOR('',#1593,1.);
#1593 = DIRECTION('',(1.,0.,0.));
#1594 = PCURVE('',#794,#1595);
#1595 = DEFINITIONAL_REPRESENTATION('',(#1596),#1600);
#1596 = LINE('',#1597,#1598);
#1597 = CARTESIAN_POINT('',(6.,3.552713678801E-15));
#1598 = VECTOR('',#1599,1.);
#1599 = DIRECTION('',(0.,1.));
#1600 = ( GEOMETRIC_REPRESENTATION_CONTEXT(2) 
PARAMETRIC_REPRESENTATION_CONTEXT() REPRESENTATION_CONTEXT('2D SPACE',''
  ) );
#1601 = PCURVE('',#822,#1602);
#1602 = DEFINITIONAL_REPRESENTATION('',(#1603),#1607);
#1603 = LINE('',#1604,#1605);
#1604 = CARTESIAN_POINT('',(0.,0.));
#1605 = VECTOR('',#1606,1.);
#1606 = DIRECTION('',(1.,0.));
#1607 = ( GEOMETRIC_REPRESENTATION_CONTEXT(2) 
PARAMETRIC_REPRESENTATION_CONTEXT() REPRESENTATION_CONTEXT('2D SPACE',''
  ) );
#1608 = ADVANCED_FACE('',(#1609),#906,.F.);
#1609 = FACE_BOUND('',#1610,.F.);
#1610 = EDGE_LOOP('',(#1611,#1634,#1635,#1726,#1727,#1748,#1749,#1772,
    #1800,#1828,#1856,#1947));
#1611 = ORIENTED_EDGE('',*,*,#1612,.F.);
#1612 = EDGE_CURVE('',#1396,#1613,#1615,.T.);
#1613 = VERTEX_POINT('',#1614);
#1614 = CARTESIAN_POINT('',(22.7,12.036171726447,25.110930241379));
#1615 = SURFACE_CURVE('',#1616,(#1620,#1627),.PCURVE_S1.);
#1616 = LINE('',#1617,#1618);
#1617 = CARTESIAN_POINT('',(-24.9,12.036171726447,25.110930241379));
#1618 = VECTOR('',#1619,1.);
#1619 = DIRECTION('',(1.,0.,0.));
#1620 = PCURVE('',#906,#1621);
#1621 = DEFINITIONAL_REPRESENTATION('',(#1622),#1626);
#1622 = LINE('',#1623,#1624);
#1623 = CARTESIAN_POINT('',(0.,0.));
#1624 = VECTOR('',#1625,1.);
#1625 = DIRECTION('',(0.,1.));
#1626 = ( GEOMETRIC_REPRESENTATION_CONTEXT(2) 
PARAMETRIC_REPRESENTATION_CONTEXT() REPRESENTATION_CONTEXT('2D SPACE',''
  ) );
#1627 = PCURVE('',#822,#1628);
#1628 = DEFINITIONAL_REPRESENTATION('',(#1629),#1633);
#1629 = LINE('',#1630,#1631);
#1630 = CARTESIAN_POINT('',(0.,0.));
#1631 = VECTOR('',#1632,1.);
#1632 = DIRECTION('',(1.,0.));
#1633 = ( GEOMETRIC_REPRESENTATION_CONTEXT(2) 
PARAMETRIC_REPRESENTATION_CONTEXT() REPRESENTATION_CONTEXT('2D SPACE',''
  ) );
#1634 = ORIENTED_EDGE('',*,*,#1418,.T.);
#1635 = ORIENTED_EDGE('',*,*,#1636,.F.);
#1636 = EDGE_CURVE('',#1442,#1419,#1637,.T.);
#1637 = SURFACE_CURVE('',#1638,(#1643,#1650),.PCURVE_S1.);
#1638 = CIRCLE('',#1639,0.93674969976);
#1639 = AXIS2_PLACEMENT_3D('',#1640,#1641,#1642);
#1640 = CARTESIAN_POINT('',(-22.2,12.553809816652,27.042781893957));
#1641 = DIRECTION('',(-9.576321553781E-18,0.965925826289,-0.258819045103
    ));
#1642 = DIRECTION('',(-0.533760512684,0.21886662101,0.816821349689));
#1643 = PCURVE('',#906,#1644);
#1644 = DEFINITIONAL_REPRESENTATION('',(#1645),#1649);
#1645 = CIRCLE('',#1646,0.93674969976);
#1646 = AXIS2_PLACEMENT_2D('',#1647,#1648);
#1647 = CARTESIAN_POINT('',(2.,2.7));
#1648 = DIRECTION('',(0.845635686983,-0.533760512684));
#1649 = ( GEOMETRIC_REPRESENTATION_CONTEXT(2) 
PARAMETRIC_REPRESENTATION_CONTEXT() REPRESENTATION_CONTEXT('2D SPACE',''
  ) );
#1650 = PCURVE('',#1458,#1651);
#1651 = DEFINITIONAL_REPRESENTATION('',(#1652),#1725);
#1652 = B_SPLINE_CURVE_WITH_KNOTS('',8,(#1653,#1654,#1655,#1656,#1657,
    #1658,#1659,#1660,#1661,#1662,#1663,#1664,#1665,#1666,#1667,#1668,
    #1669,#1670,#1671,#1672,#1673,#1674,#1675,#1676,#1677,#1678,#1679,
    #1680,#1681,#1682,#1683,#1684,#1685,#1686,#1687,#1688,#1689,#1690,
    #1691,#1692,#1693,#1694,#1695,#1696,#1697,#1698,#1699,#1700,#1701,
    #1702,#1703,#1704,#1705,#1706,#1707,#1708,#1709,#1710,#1711,#1712,
    #1713,#1714,#1715,#1716,#1717,#1718,#1719,#1720,#1721,#1722,#1723,
    #1724),.UNSPECIFIED.,.F.,.F.,(9,7,7,7,7,7,7,7,7,7,9),(0.,
    6.736207629179E-02,0.563041321722,0.955740403421,1.692051181606,
    2.336323112518,2.900061052066,3.39333174917,3.824943609137,
    4.202603986607,4.267675297034),.UNSPECIFIED.);
#1653 = CARTESIAN_POINT('',(4.124386376827,0.720984020621));
#1654 = CARTESIAN_POINT('',(4.130543391102,0.725654738984));
#1655 = CARTESIAN_POINT('',(4.136795569492,0.730276158788));
#1656 = CARTESIAN_POINT('',(4.143143712179,0.73484712146));
#1657 = CARTESIAN_POINT('',(4.149588570165,0.739366445896));
#1658 = CARTESIAN_POINT('',(4.156130837897,0.743832928977));
#1659 = CARTESIAN_POINT('',(4.162771145163,0.748245346271));
#1660 = CARTESIAN_POINT('',(4.169510048222,0.752602452939));
#1661 = CARTESIAN_POINT('',(4.226664769998,0.788548155898));
#1662 = CARTESIAN_POINT('',(4.28234523417,0.817130131816));
#1663 = CARTESIAN_POINT('',(4.343583867871,0.842145466202));
#1664 = CARTESIAN_POINT('',(4.410307025852,0.863038005335));
#1665 = CARTESIAN_POINT('',(4.482087112202,0.879225580416));
#1666 = CARTESIAN_POINT('',(4.557613765221,0.890184764524));
#1667 = CARTESIAN_POINT('',(4.635001082996,0.895664793858));
#1668 = CARTESIAN_POINT('',(4.773699104864,0.895664793858));
#1669 = CARTESIAN_POINT('',(4.835008597416,0.892225327933));
#1670 = CARTESIAN_POINT('',(4.895394373115,0.885346281477));
#1671 = CARTESIAN_POINT('',(4.953915689498,0.875128142918));
#1672 = CARTESIAN_POINT('',(5.009824908571,0.861772720271));
#1673 = CARTESIAN_POINT('',(5.062645846297,0.845541111804));
#1674 = CARTESIAN_POINT('',(5.112149752347,0.826706296023));
#1675 = CARTESIAN_POINT('',(5.244713732721,0.765846599985));
#1676 = CARTESIAN_POINT('',(5.319237571689,0.717950586718));
#1677 = CARTESIAN_POINT('',(5.38132305433,0.663622970868));
#1678 = CARTESIAN_POINT('',(5.432575935653,0.604572550093));
#1679 = CARTESIAN_POINT('',(5.474752928856,0.541931901381));
#1680 = CARTESIAN_POINT('',(5.509117823395,0.4765839384));
#1681 = CARTESIAN_POINT('',(5.53673500497,0.409190121902));
#1682 = CARTESIAN_POINT('',(5.577246521189,0.28000161933));
#1683 = CARTESIAN_POINT('',(5.591550232409,0.218560238371));
#1684 = CARTESIAN_POINT('',(5.60175340156,0.156324611951));
#1685 = CARTESIAN_POINT('',(5.608185447486,9.358200300988E-02));
#1686 = CARTESIAN_POINT('',(5.61103176827,3.057810602307E-02));
#1687 = CARTESIAN_POINT('',(5.610348186284,-3.245649190571E-02));
#1688 = CARTESIAN_POINT('',(5.606062156938,-9.528372507297E-02));
#1689 = CARTESIAN_POINT('',(5.59087200233,-0.212200499937));
#1690 = CARTESIAN_POINT('',(5.580861834585,-0.266400351625));
#1691 = CARTESIAN_POINT('',(5.56778817018,-0.320061193051));
#1692 = CARTESIAN_POINT('',(5.55142197615,-0.372987279136));
#1693 = CARTESIAN_POINT('',(5.531450948728,-0.424953355527));
#1694 = CARTESIAN_POINT('',(5.507454375242,-0.475686744035));
#1695 = CARTESIAN_POINT('',(5.478895160129,-0.524843916249));
#1696 = CARTESIAN_POINT('',(5.415669881963,-0.613228748618));
#1697 = CARTESIAN_POINT('',(5.382214308094,-0.652929527473));
#1698 = CARTESIAN_POINT('',(5.344403532692,-0.690788834312));
#1699 = CARTESIAN_POINT('',(5.301817790253,-0.726452558121));
#1700 = CARTESIAN_POINT('',(5.254012624776,-0.759499585877));
#1701 = CARTESIAN_POINT('',(5.200653106361,-0.789425906549));
#1702 = CARTESIAN_POINT('',(5.141727626115,-0.815666231085));
#1703 = CARTESIAN_POINT('',(5.021820105851,-0.856975148384));
#1704 = CARTESIAN_POINT('',(4.962015008951,-0.873030227523));
#1705 = CARTESIAN_POINT('',(4.898719852349,-0.885511895874));
#1706 = CARTESIAN_POINT('',(4.832597330945,-0.894095449565));
#1707 = CARTESIAN_POINT('',(4.764690941173,-0.898521369201));
#1708 = CARTESIAN_POINT('',(4.696403204286,-0.898693363304));
#1709 = CARTESIAN_POINT('',(4.62902051877,-0.894684846112));
#1710 = CARTESIAN_POINT('',(4.506342961399,-0.87968821916));
#1711 = CARTESIAN_POINT('',(4.450589902613,-0.869635298619));
#1712 = CARTESIAN_POINT('',(4.397034826485,-0.856655492589));
#1713 = CARTESIAN_POINT('',(4.346237901575,-0.840948278481));
#1714 = CARTESIAN_POINT('',(4.298523117345,-0.822756419585));
#1715 = CARTESIAN_POINT('',(4.254010625747,-0.802333002874));
#1716 = CARTESIAN_POINT('',(4.212695346971,-0.779917115509));
#1717 = CARTESIAN_POINT('',(4.167908264506,-0.751563914247));
#1718 = CARTESIAN_POINT('',(4.161417958527,-0.747344092705));
#1719 = CARTESIAN_POINT('',(4.155019569205,-0.743072853706));
#1720 = CARTESIAN_POINT('',(4.148712584334,-0.738751318979));
#1721 = CARTESIAN_POINT('',(4.142496429183,-0.734380591542));
#1722 = CARTESIAN_POINT('',(4.136370473727,-0.729961755193));
#1723 = CARTESIAN_POINT('',(4.130334039289,-0.725495874107));
#1724 = CARTESIAN_POINT('',(4.12438640463,-0.720983992541));
#1725 = ( GEOMETRIC_REPRESENTATION_CONTEXT(2) 
PARAMETRIC_REPRESENTATION_CONTEXT() REPRESENTATION_CONTEXT('2D SPACE',''
  ) );
#1726 = ORIENTED_EDGE('',*,*,#1481,.T.);
#1727 = ORIENTED_EDGE('',*,*,#1728,.F.);
#1728 = EDGE_CURVE('',#891,#1482,#1729,.T.);
#1729 = SURFACE_CURVE('',#1730,(#1734,#1741),.PCURVE_S1.);
#1730 = LINE('',#1731,#1732);
#1731 = CARTESIAN_POINT('',(-24.9,14.106724087267,32.838336851691));
#1732 = VECTOR('',#1733,1.);
#1733 = DIRECTION('',(1.,0.,0.));
#1734 = PCURVE('',#906,#1735);
#1735 = DEFINITIONAL_REPRESENTATION('',(#1736),#1740);
#1736 = LINE('',#1737,#1738);
#1737 = CARTESIAN_POINT('',(8.,-2.22044604925E-15));
#1738 = VECTOR('',#1739,1.);
#1739 = DIRECTION('',(0.,1.));
#1740 = ( GEOMETRIC_REPRESENTATION_CONTEXT(2) 
PARAMETRIC_REPRESENTATION_CONTEXT() REPRESENTATION_CONTEXT('2D SPACE',''
  ) );
#1741 = PCURVE('',#934,#1742);
#1742 = DEFINITIONAL_REPRESENTATION('',(#1743),#1747);
#1743 = LINE('',#1744,#1745);
#1744 = CARTESIAN_POINT('',(0.,15.7));
#1745 = VECTOR('',#1746,1.);
#1746 = DIRECTION('',(1.,0.));
#1747 = ( GEOMETRIC_REPRESENTATION_CONTEXT(2) 
PARAMETRIC_REPRESENTATION_CONTEXT() REPRESENTATION_CONTEXT('2D SPACE',''
  ) );
#1748 = ORIENTED_EDGE('',*,*,#890,.T.);
#1749 = ORIENTED_EDGE('',*,*,#1750,.T.);
#1750 = EDGE_CURVE('',#863,#1751,#1753,.T.);
#1751 = VERTEX_POINT('',#1752);
#1752 = CARTESIAN_POINT('',(24.9,18.50664785401,49.259075898605));
#1753 = SURFACE_CURVE('',#1754,(#1758,#1765),.PCURVE_S1.);
#1754 = LINE('',#1755,#1756);
#1755 = CARTESIAN_POINT('',(-24.9,18.50664785401,49.259075898605));
#1756 = VECTOR('',#1757,1.);
#1757 = DIRECTION('',(1.,0.,0.));
#1758 = PCURVE('',#906,#1759);
#1759 = DEFINITIONAL_REPRESENTATION('',(#1760),#1764);
#1760 = LINE('',#1761,#1762);
#1761 = CARTESIAN_POINT('',(25.,0.));
#1762 = VECTOR('',#1763,1.);
#1763 = DIRECTION('',(0.,1.));
#1764 = ( GEOMETRIC_REPRESENTATION_CONTEXT(2) 
PARAMETRIC_REPRESENTATION_CONTEXT() REPRESENTATION_CONTEXT('2D SPACE',''
  ) );
#1765 = PCURVE('',#878,#1766);
#1766 = DEFINITIONAL_REPRESENTATION('',(#1767),#1771);
#1767 = LINE('',#1768,#1769);
#1768 = CARTESIAN_POINT('',(0.,0.));
#1769 = VECTOR('',#1770,1.);
#1770 = DIRECTION('',(1.,0.));
#1771 = ( GEOMETRIC_REPRESENTATION_CONTEXT(2) 
PARAMETRIC_REPRESENTATION_CONTEXT() REPRESENTATION_CONTEXT('2D SPACE',''
  ) );
#1772 = ORIENTED_EDGE('',*,*,#1773,.F.);
#1773 = EDGE_CURVE('',#1774,#1751,#1776,.T.);
#1774 = VERTEX_POINT('',#1775);
#1775 = CARTESIAN_POINT('',(24.9,14.106724087267,32.838336851691));
#1776 = SURFACE_CURVE('',#1777,(#1781,#1788),.PCURVE_S1.);
#1777 = LINE('',#1778,#1779);
#1778 = CARTESIAN_POINT('',(24.9,12.036171726447,25.110930241379));
#1779 = VECTOR('',#1780,1.);
#1780 = DIRECTION('',(0.,0.258819045103,0.965925826289));
#1781 = PCURVE('',#906,#1782);
#1782 = DEFINITIONAL_REPRESENTATION('',(#1783),#1787);
#1783 = LINE('',#1784,#1785);
#1784 = CARTESIAN_POINT('',(0.,49.8));
#1785 = VECTOR('',#1786,1.);
#1786 = DIRECTION('',(1.,0.));
#1787 = ( GEOMETRIC_REPRESENTATION_CONTEXT(2) 
PARAMETRIC_REPRESENTATION_CONTEXT() REPRESENTATION_CONTEXT('2D SPACE',''
  ) );
#1788 = PCURVE('',#1789,#1794);
#1789 = PLANE('',#1790);
#1790 = AXIS2_PLACEMENT_3D('',#1791,#1792,#1793);
#1791 = CARTESIAN_POINT('',(24.9,-7.776457135308,21.102222521133));
#1792 = DIRECTION('',(1.,0.,0.));
#1793 = DIRECTION('',(0.,0.258819045103,0.965925826289));
#1794 = DEFINITIONAL_REPRESENTATION('',(#1795),#1799);
#1795 = LINE('',#1796,#1797);
#1796 = CARTESIAN_POINT('',(9.,-18.1));
#1797 = VECTOR('',#1798,1.);
#1798 = DIRECTION('',(1.,-1.739406944263E-17));
#1799 = ( GEOMETRIC_REPRESENTATION_CONTEXT(2) 
PARAMETRIC_REPRESENTATION_CONTEXT() REPRESENTATION_CONTEXT('2D SPACE',''
  ) );
#1800 = ORIENTED_EDGE('',*,*,#1801,.F.);
#1801 = EDGE_CURVE('',#1802,#1774,#1804,.T.);
#1802 = VERTEX_POINT('',#1803);
#1803 = CARTESIAN_POINT('',(22.7,14.106724087267,32.838336851691));
#1804 = SURFACE_CURVE('',#1805,(#1809,#1816),.PCURVE_S1.);
#1805 = LINE('',#1806,#1807);
#1806 = CARTESIAN_POINT('',(22.7,14.106724087267,32.838336851691));
#1807 = VECTOR('',#1808,1.);
#1808 = DIRECTION('',(1.,0.,0.));
#1809 = PCURVE('',#906,#1810);
#1810 = DEFINITIONAL_REPRESENTATION('',(#1811),#1815);
#1811 = LINE('',#1812,#1813);
#1812 = CARTESIAN_POINT('',(8.,47.6));
#1813 = VECTOR('',#1814,1.);
#1814 = DIRECTION('',(0.,1.));
#1815 = ( GEOMETRIC_REPRESENTATION_CONTEXT(2) 
PARAMETRIC_REPRESENTATION_CONTEXT() REPRESENTATION_CONTEXT('2D SPACE',''
  ) );
#1816 = PCURVE('',#1817,#1822);
#1817 = PLANE('',#1818);
#1818 = AXIS2_PLACEMENT_3D('',#1819,#1820,#1821);
#1819 = CARTESIAN_POINT('',(22.7,-1.058311385471,36.901795859801));
#1820 = DIRECTION('',(0.,0.258819045103,0.965925826289));
#1821 = DIRECTION('',(1.,0.,0.));
#1822 = DEFINITIONAL_REPRESENTATION('',(#1823),#1827);
#1823 = LINE('',#1824,#1825);
#1824 = CARTESIAN_POINT('',(0.,15.7));
#1825 = VECTOR('',#1826,1.);
#1826 = DIRECTION('',(1.,0.));
#1827 = ( GEOMETRIC_REPRESENTATION_CONTEXT(2) 
PARAMETRIC_REPRESENTATION_CONTEXT() REPRESENTATION_CONTEXT('2D SPACE',''
  ) );
#1828 = ORIENTED_EDGE('',*,*,#1829,.F.);
#1829 = EDGE_CURVE('',#1830,#1802,#1832,.T.);
#1830 = VERTEX_POINT('',#1831);
#1831 = CARTESIAN_POINT('',(22.7,12.758833058171,27.807939048036));
#1832 = SURFACE_CURVE('',#1833,(#1837,#1844),.PCURVE_S1.);
#1833 = LINE('',#1834,#1835);
#1834 = CARTESIAN_POINT('',(22.7,10.483257455832,19.315375283644));
#1835 = VECTOR('',#1836,1.);
#1836 = DIRECTION('',(0.,0.258819045103,0.965925826289));
#1837 = PCURVE('',#906,#1838);
#1838 = DEFINITIONAL_REPRESENTATION('',(#1839),#1843);
#1839 = LINE('',#1840,#1841);
#1840 = CARTESIAN_POINT('',(-6.,47.6));
#1841 = VECTOR('',#1842,1.);
#1842 = DIRECTION('',(1.,0.));
#1843 = ( GEOMETRIC_REPRESENTATION_CONTEXT(2) 
PARAMETRIC_REPRESENTATION_CONTEXT() REPRESENTATION_CONTEXT('2D SPACE',''
  ) );
#1844 = PCURVE('',#1845,#1850);
#1845 = PLANE('',#1846);
#1846 = AXIS2_PLACEMENT_3D('',#1847,#1848,#1849);
#1847 = CARTESIAN_POINT('',(22.7,-4.681778016906,23.378834291754));
#1848 = DIRECTION('',(1.,0.,0.));
#1849 = DIRECTION('',(0.,0.258819045103,0.965925826289));
#1850 = DEFINITIONAL_REPRESENTATION('',(#1851),#1855);
#1851 = LINE('',#1852,#1853);
#1852 = CARTESIAN_POINT('',(0.,-15.7));
#1853 = VECTOR('',#1854,1.);
#1854 = DIRECTION('',(1.,0.));
#1855 = ( GEOMETRIC_REPRESENTATION_CONTEXT(2) 
PARAMETRIC_REPRESENTATION_CONTEXT() REPRESENTATION_CONTEXT('2D SPACE',''
  ) );
#1856 = ORIENTED_EDGE('',*,*,#1857,.F.);
#1857 = EDGE_CURVE('',#1858,#1830,#1860,.T.);
#1858 = VERTEX_POINT('',#1859);
#1859 = CARTESIAN_POINT('',(22.7,12.348786575134,26.277624739878));
#1860 = SURFACE_CURVE('',#1861,(#1866,#1873),.PCURVE_S1.);
#1861 = CIRCLE('',#1862,0.93674969976);
#1862 = AXIS2_PLACEMENT_3D('',#1863,#1864,#1865);
#1863 = CARTESIAN_POINT('',(22.2,12.553809816652,27.042781893957));
#1864 = DIRECTION('',(-3.995596340551E-18,0.965925826289,-0.258819045103
    ));
#1865 = DIRECTION('',(0.533760512684,-0.21886662101,-0.816821349689));
#1866 = PCURVE('',#906,#1867);
#1867 = DEFINITIONAL_REPRESENTATION('',(#1868),#1872);
#1868 = CIRCLE('',#1869,0.93674969976);
#1869 = AXIS2_PLACEMENT_2D('',#1870,#1871);
#1870 = CARTESIAN_POINT('',(2.,47.1));
#1871 = DIRECTION('',(-0.845635686983,0.533760512684));
#1872 = ( GEOMETRIC_REPRESENTATION_CONTEXT(2) 
PARAMETRIC_REPRESENTATION_CONTEXT() REPRESENTATION_CONTEXT('2D SPACE',''
  ) );
#1873 = PCURVE('',#1874,#1879);
#1874 = SPHERICAL_SURFACE('',#1875,1.2);
#1875 = AXIS2_PLACEMENT_3D('',#1876,#1877,#1878);
#1876 = CARTESIAN_POINT('',(22.2,13.278254186369,26.84866761013));
#1877 = DIRECTION('',(0.,0.258819045103,0.965925826289));
#1878 = DIRECTION('',(1.,0.,0.));
#1879 = DEFINITIONAL_REPRESENTATION('',(#1880),#1946);
#1880 = B_SPLINE_CURVE_WITH_KNOTS('',8,(#1881,#1882,#1883,#1884,#1885,
    #1886,#1887,#1888,#1889,#1890,#1891,#1892,#1893,#1894,#1895,#1896,
    #1897,#1898,#1899,#1900,#1901,#1902,#1903,#1904,#1905,#1906,#1907,
    #1908,#1909,#1910,#1911,#1912,#1913,#1914,#1915,#1916,#1917,#1918,
    #1919,#1920,#1921,#1922,#1923,#1924,#1925,#1926,#1927,#1928,#1929,
    #1930,#1931,#1932,#1933,#1934,#1935,#1936,#1937,#1938,#1939,#1940,
    #1941,#1942,#1943,#1944,#1945),.UNSPECIFIED.,.F.,.F.,(9,7,7,7,7,7,7,
    7,7,9),(0.,0.25173909558,0.683350955547,1.061011333017,
    1.721916993591,2.713275484451,3.208954729881,3.704633975312,
    4.09733305701,4.267675297034),.UNSPECIFIED.);
#1881 = CARTESIAN_POINT('',(5.300391660084,-0.720984022559));
#1882 = CARTESIAN_POINT('',(5.277382268875,-0.738438989912));
#1883 = CARTESIAN_POINT('',(5.253043760941,-0.755205451772));
#1884 = CARTESIAN_POINT('',(5.227334363418,-0.77122292669));
#1885 = CARTESIAN_POINT('',(5.200221992525,-0.78642654454));
#1886 = CARTESIAN_POINT('',(5.171689634713,-0.800747491143));
#1887 = CARTESIAN_POINT('',(5.141742157331,-0.814114099459));
#1888 = CARTESIAN_POINT('',(5.110413968848,-0.826453988813));
#1889 = CARTESIAN_POINT('',(5.021820105851,-0.856975148384));
#1890 = CARTESIAN_POINT('',(4.962015008951,-0.873030227523));
#1891 = CARTESIAN_POINT('',(4.898719852349,-0.885511895874));
#1892 = CARTESIAN_POINT('',(4.832597330945,-0.894095449565));
#1893 = CARTESIAN_POINT('',(4.764690941173,-0.898521369201));
#1894 = CARTESIAN_POINT('',(4.696403204286,-0.898693363304));
#1895 = CARTESIAN_POINT('',(4.62902051877,-0.894684846112));
#1896 = CARTESIAN_POINT('',(4.506342961399,-0.87968821916));
#1897 = CARTESIAN_POINT('',(4.450589902613,-0.869635298619));
#1898 = CARTESIAN_POINT('',(4.397034826485,-0.856655492589));
#1899 = CARTESIAN_POINT('',(4.346237901575,-0.840948278481));
#1900 = CARTESIAN_POINT('',(4.298523117345,-0.822756419585));
#1901 = CARTESIAN_POINT('',(4.254010625747,-0.802333002874));
#1902 = CARTESIAN_POINT('',(4.212695346971,-0.779917115509));
#1903 = CARTESIAN_POINT('',(4.107633197452,-0.713405788887));
#1904 = CARTESIAN_POINT('',(4.050302914348,-0.665658738338));
#1905 = CARTESIAN_POINT('',(4.002037170058,-0.613684209878));
#1906 = CARTESIAN_POINT('',(3.961624061665,-0.558484255441));
#1907 = CARTESIAN_POINT('',(3.927952126864,-0.500798626669));
#1908 = CARTESIAN_POINT('',(3.900170844664,-0.441177133525));
#1909 = CARTESIAN_POINT('',(3.877584277766,-0.380076605497));
#1910 = CARTESIAN_POINT('',(3.832873412255,-0.224546417093));
#1911 = CARTESIAN_POINT('',(3.81662496215,-0.128728537888));
#1912 = CARTESIAN_POINT('',(3.809275429763,-3.166333772194E-02));
#1913 = CARTESIAN_POINT('',(3.810058300074,6.578223824934E-02));
#1914 = CARTESIAN_POINT('',(3.818986138513,0.162819648919));
#1915 = CARTESIAN_POINT('',(3.836605392781,0.258614183177));
#1916 = CARTESIAN_POINT('',(3.864424235595,0.352116216146));
#1917 = CARTESIAN_POINT('',(3.925181660387,0.486420514893));
#1918 = CARTESIAN_POINT('',(3.948605557665,0.530197088511));
#1919 = CARTESIAN_POINT('',(3.975511052237,0.572773543251));
#1920 = CARTESIAN_POINT('',(4.006268516724,0.613900503638));
#1921 = CARTESIAN_POINT('',(4.041301994443,0.653281160434));
#1922 = CARTESIAN_POINT('',(4.081078752431,0.690549317969));
#1923 = CARTESIAN_POINT('',(4.126031270218,0.725257813851));
#1924 = CARTESIAN_POINT('',(4.226664769998,0.788548155898));
#1925 = CARTESIAN_POINT('',(4.28234523417,0.817130131816));
#1926 = CARTESIAN_POINT('',(4.343583867871,0.842145466202));
#1927 = CARTESIAN_POINT('',(4.410307025852,0.863038005335));
#1928 = CARTESIAN_POINT('',(4.482087112202,0.879225580416));
#1929 = CARTESIAN_POINT('',(4.557613765221,0.890184764524));
#1930 = CARTESIAN_POINT('',(4.635001082996,0.895664793858));
#1931 = CARTESIAN_POINT('',(4.773699104864,0.895664793858));
#1932 = CARTESIAN_POINT('',(4.835008597416,0.892225327933));
#1933 = CARTESIAN_POINT('',(4.895394373115,0.885346281477));
#1934 = CARTESIAN_POINT('',(4.953915689498,0.875128142918));
#1935 = CARTESIAN_POINT('',(5.009824908571,0.861772720271));
#1936 = CARTESIAN_POINT('',(5.062645846297,0.845541111804));
#1937 = CARTESIAN_POINT('',(5.112149752347,0.826706296023));
#1938 = CARTESIAN_POINT('',(5.178259891305,0.796355344349));
#1939 = CARTESIAN_POINT('',(5.197622267035,0.786733849612));
#1940 = CARTESIAN_POINT('',(5.216339807264,0.77669517858));
#1941 = CARTESIAN_POINT('',(5.234412282303,0.766261103166));
#1942 = CARTESIAN_POINT('',(5.251844215279,0.755452871402));
#1943 = CARTESIAN_POINT('',(5.268643783922,0.744290996848));
#1944 = CARTESIAN_POINT('',(5.284821910939,0.732795136203));
#1945 = CARTESIAN_POINT('',(5.300391521473,0.720984027162));
#1946 = ( GEOMETRIC_REPRESENTATION_CONTEXT(2) 
PARAMETRIC_REPRESENTATION_CONTEXT() REPRESENTATION_CONTEXT('2D SPACE',''
  ) );
#1947 = ORIENTED_EDGE('',*,*,#1948,.F.);
#1948 = EDGE_CURVE('',#1613,#1858,#1949,.T.);
#1949 = SURFACE_CURVE('',#1950,(#1954,#1961),.PCURVE_S1.);
#1950 = LINE('',#1951,#1952);
#1951 = CARTESIAN_POINT('',(22.7,10.483257455832,19.315375283644));
#1952 = VECTOR('',#1953,1.);
#1953 = DIRECTION('',(0.,0.258819045103,0.965925826289));
#1954 = PCURVE('',#906,#1955);
#1955 = DEFINITIONAL_REPRESENTATION('',(#1956),#1960);
#1956 = LINE('',#1957,#1958);
#1957 = CARTESIAN_POINT('',(-6.,47.6));
#1958 = VECTOR('',#1959,1.);
#1959 = DIRECTION('',(1.,0.));
#1960 = ( GEOMETRIC_REPRESENTATION_CONTEXT(2) 
PARAMETRIC_REPRESENTATION_CONTEXT() REPRESENTATION_CONTEXT('2D SPACE',''
  ) );
#1961 = PCURVE('',#1845,#1962);
#1962 = DEFINITIONAL_REPRESENTATION('',(#1963),#1967);
#1963 = LINE('',#1964,#1965);
#1964 = CARTESIAN_POINT('',(0.,-15.7));
#1965 = VECTOR('',#1966,1.);
#1966 = DIRECTION('',(1.,0.));
#1967 = ( GEOMETRIC_REPRESENTATION_CONTEXT(2) 
PARAMETRIC_REPRESENTATION_CONTEXT() REPRESENTATION_CONTEXT('2D SPACE',''
  ) );
#1968 = ADVANCED_FACE('',(#1969),#878,.T.);
#1969 = FACE_BOUND('',#1970,.T.);
#1970 = EDGE_LOOP('',(#1971,#1972,#1973,#1996));
#1971 = ORIENTED_EDGE('',*,*,#862,.F.);
#1972 = ORIENTED_EDGE('',*,*,#1750,.T.);
#1973 = ORIENTED_EDGE('',*,*,#1974,.T.);
#1974 = EDGE_CURVE('',#1751,#1975,#1977,.T.);
#1975 = VERTEX_POINT('',#1976);
#1976 = CARTESIAN_POINT('',(24.9,21.404425332877,48.482618763298));
#1977 = SURFACE_CURVE('',#1978,(#1982,#1989),.PCURVE_S1.);
#1978 = LINE('',#1979,#1980);
#1979 = CARTESIAN_POINT('',(24.9,18.50664785401,49.259075898605));
#1980 = VECTOR('',#1981,1.);
#1981 = DIRECTION('',(0.,0.965925826289,-0.258819045103));
#1982 = PCURVE('',#878,#1983);
#1983 = DEFINITIONAL_REPRESENTATION('',(#1984),#1988);
#1984 = LINE('',#1985,#1986);
#1985 = CARTESIAN_POINT('',(49.8,0.));
#1986 = VECTOR('',#1987,1.);
#1987 = DIRECTION('',(0.,1.));
#1988 = ( GEOMETRIC_REPRESENTATION_CONTEXT(2) 
PARAMETRIC_REPRESENTATION_CONTEXT() REPRESENTATION_CONTEXT('2D SPACE',''
  ) );
#1989 = PCURVE('',#1789,#1990);
#1990 = DEFINITIONAL_REPRESENTATION('',(#1991),#1995);
#1991 = LINE('',#1992,#1993);
#1992 = CARTESIAN_POINT('',(34.,-18.1));
#1993 = VECTOR('',#1994,1.);
#1994 = DIRECTION('',(1.739406944263E-17,-1.));
#1995 = ( GEOMETRIC_REPRESENTATION_CONTEXT(2) 
PARAMETRIC_REPRESENTATION_CONTEXT() REPRESENTATION_CONTEXT('2D SPACE',''
  ) );
#1996 = ORIENTED_EDGE('',*,*,#1997,.F.);
#1997 = EDGE_CURVE('',#835,#1975,#1998,.T.);
#1998 = SURFACE_CURVE('',#1999,(#2003,#2010),.PCURVE_S1.);
#1999 = LINE('',#2000,#2001);
#2000 = CARTESIAN_POINT('',(-24.9,21.404425332877,48.482618763298));
#2001 = VECTOR('',#2002,1.);
#2002 = DIRECTION('',(1.,0.,0.));
#2003 = PCURVE('',#878,#2004);
#2004 = DEFINITIONAL_REPRESENTATION('',(#2005),#2009);
#2005 = LINE('',#2006,#2007);
#2006 = CARTESIAN_POINT('',(0.,3.));
#2007 = VECTOR('',#2008,1.);
#2008 = DIRECTION('',(1.,0.));
#2009 = ( GEOMETRIC_REPRESENTATION_CONTEXT(2) 
PARAMETRIC_REPRESENTATION_CONTEXT() REPRESENTATION_CONTEXT('2D SPACE',''
  ) );
#2010 = PCURVE('',#850,#2011);
#2011 = DEFINITIONAL_REPRESENTATION('',(#2012),#2016);
#2012 = LINE('',#2013,#2014);
#2013 = CARTESIAN_POINT('',(25.,0.));
#2014 = VECTOR('',#2015,1.);
#2015 = DIRECTION('',(0.,1.));
#2016 = ( GEOMETRIC_REPRESENTATION_CONTEXT(2) 
PARAMETRIC_REPRESENTATION_CONTEXT() REPRESENTATION_CONTEXT('2D SPACE',''
  ) );
#2017 = ADVANCED_FACE('',(#2018),#850,.T.);
#2018 = FACE_BOUND('',#2019,.T.);
#2019 = EDGE_LOOP('',(#2020,#2043,#2044,#2045));
#2020 = ORIENTED_EDGE('',*,*,#2021,.F.);
#2021 = EDGE_CURVE('',#807,#2022,#2024,.T.);
#2022 = VERTEX_POINT('',#2023);
#2023 = CARTESIAN_POINT('',(24.9,14.933949205314,24.334473106071));
#2024 = SURFACE_CURVE('',#2025,(#2029,#2036),.PCURVE_S1.);
#2025 = LINE('',#2026,#2027);
#2026 = CARTESIAN_POINT('',(-24.9,14.933949205314,24.334473106071));
#2027 = VECTOR('',#2028,1.);
#2028 = DIRECTION('',(1.,0.,0.));
#2029 = PCURVE('',#850,#2030);
#2030 = DEFINITIONAL_REPRESENTATION('',(#2031),#2035);
#2031 = LINE('',#2032,#2033);
#2032 = CARTESIAN_POINT('',(0.,0.));
#2033 = VECTOR('',#2034,1.);
#2034 = DIRECTION('',(0.,1.));
#2035 = ( GEOMETRIC_REPRESENTATION_CONTEXT(2) 
PARAMETRIC_REPRESENTATION_CONTEXT() REPRESENTATION_CONTEXT('2D SPACE',''
  ) );
#2036 = PCURVE('',#822,#2037);
#2037 = DEFINITIONAL_REPRESENTATION('',(#2038),#2042);
#2038 = LINE('',#2039,#2040);
#2039 = CARTESIAN_POINT('',(0.,3.));
#2040 = VECTOR('',#2041,1.);
#2041 = DIRECTION('',(1.,0.));
#2042 = ( GEOMETRIC_REPRESENTATION_CONTEXT(2) 
PARAMETRIC_REPRESENTATION_CONTEXT() REPRESENTATION_CONTEXT('2D SPACE',''
  ) );
#2043 = ORIENTED_EDGE('',*,*,#834,.T.);
#2044 = ORIENTED_EDGE('',*,*,#1997,.T.);
#2045 = ORIENTED_EDGE('',*,*,#2046,.F.);
#2046 = EDGE_CURVE('',#2022,#1975,#2047,.T.);
#2047 = SURFACE_CURVE('',#2048,(#2052,#2059),.PCURVE_S1.);
#2048 = LINE('',#2049,#2050);
#2049 = CARTESIAN_POINT('',(24.9,14.933949205314,24.334473106071));
#2050 = VECTOR('',#2051,1.);
#2051 = DIRECTION('',(0.,0.258819045103,0.965925826289));
#2052 = PCURVE('',#850,#2053);
#2053 = DEFINITIONAL_REPRESENTATION('',(#2054),#2058);
#2054 = LINE('',#2055,#2056);
#2055 = CARTESIAN_POINT('',(0.,49.8));
#2056 = VECTOR('',#2057,1.);
#2057 = DIRECTION('',(1.,0.));
#2058 = ( GEOMETRIC_REPRESENTATION_CONTEXT(2) 
PARAMETRIC_REPRESENTATION_CONTEXT() REPRESENTATION_CONTEXT('2D SPACE',''
  ) );
#2059 = PCURVE('',#1789,#2060);
#2060 = DEFINITIONAL_REPRESENTATION('',(#2061),#2065);
#2061 = LINE('',#2062,#2063);
#2062 = CARTESIAN_POINT('',(9.,-21.1));
#2063 = VECTOR('',#2064,1.);
#2064 = DIRECTION('',(1.,-1.739406944263E-17));
#2065 = ( GEOMETRIC_REPRESENTATION_CONTEXT(2) 
PARAMETRIC_REPRESENTATION_CONTEXT() REPRESENTATION_CONTEXT('2D SPACE',''
  ) );
#2066 = ADVANCED_FACE('',(#2067),#822,.F.);
#2067 = FACE_BOUND('',#2068,.F.);
#2068 = EDGE_LOOP('',(#2069,#2070,#2071,#2072,#2100,#2121));
#2069 = ORIENTED_EDGE('',*,*,#806,.F.);
#2070 = ORIENTED_EDGE('',*,*,#1588,.T.);
#2071 = ORIENTED_EDGE('',*,*,#1612,.T.);
#2072 = ORIENTED_EDGE('',*,*,#2073,.T.);
#2073 = EDGE_CURVE('',#1613,#2074,#2076,.T.);
#2074 = VERTEX_POINT('',#2075);
#2075 = CARTESIAN_POINT('',(24.9,12.036171726447,25.110930241379));
#2076 = SURFACE_CURVE('',#2077,(#2081,#2088),.PCURVE_S1.);
#2077 = LINE('',#2078,#2079);
#2078 = CARTESIAN_POINT('',(-24.9,12.036171726447,25.110930241379));
#2079 = VECTOR('',#2080,1.);
#2080 = DIRECTION('',(1.,0.,0.));
#2081 = PCURVE('',#822,#2082);
#2082 = DEFINITIONAL_REPRESENTATION('',(#2083),#2087);
#2083 = LINE('',#2084,#2085);
#2084 = CARTESIAN_POINT('',(0.,0.));
#2085 = VECTOR('',#2086,1.);
#2086 = DIRECTION('',(1.,0.));
#2087 = ( GEOMETRIC_REPRESENTATION_CONTEXT(2) 
PARAMETRIC_REPRESENTATION_CONTEXT() REPRESENTATION_CONTEXT('2D SPACE',''
  ) );
#2088 = PCURVE('',#2089,#2094);
#2089 = PLANE('',#2090);
#2090 = AXIS2_PLACEMENT_3D('',#2091,#2092,#2093);
#2091 = CARTESIAN_POINT('',(22.7,10.483257455832,19.315375283644));
#2092 = DIRECTION('',(0.,0.965925826289,-0.258819045103));
#2093 = DIRECTION('',(0.,0.258819045103,0.965925826289));
#2094 = DEFINITIONAL_REPRESENTATION('',(#2095),#2099);
#2095 = LINE('',#2096,#2097);
#2096 = CARTESIAN_POINT('',(6.,-47.6));
#2097 = VECTOR('',#2098,1.);
#2098 = DIRECTION('',(0.,1.));
#2099 = ( GEOMETRIC_REPRESENTATION_CONTEXT(2) 
PARAMETRIC_REPRESENTATION_CONTEXT() REPRESENTATION_CONTEXT('2D SPACE',''
  ) );
#2100 = ORIENTED_EDGE('',*,*,#2101,.T.);
#2101 = EDGE_CURVE('',#2074,#2022,#2102,.T.);
#2102 = SURFACE_CURVE('',#2103,(#2107,#2114),.PCURVE_S1.);
#2103 = LINE('',#2104,#2105);
#2104 = CARTESIAN_POINT('',(24.9,12.036171726447,25.110930241379));
#2105 = VECTOR('',#2106,1.);
#2106 = DIRECTION('',(0.,0.965925826289,-0.258819045103));
#2107 = PCURVE('',#822,#2108);
#2108 = DEFINITIONAL_REPRESENTATION('',(#2109),#2113);
#2109 = LINE('',#2110,#2111);
#2110 = CARTESIAN_POINT('',(49.8,0.));
#2111 = VECTOR('',#2112,1.);
#2112 = DIRECTION('',(0.,1.));
#2113 = ( GEOMETRIC_REPRESENTATION_CONTEXT(2) 
PARAMETRIC_REPRESENTATION_CONTEXT() REPRESENTATION_CONTEXT('2D SPACE',''
  ) );
#2114 = PCURVE('',#1789,#2115);
#2115 = DEFINITIONAL_REPRESENTATION('',(#2116),#2120);
#2116 = LINE('',#2117,#2118);
#2117 = CARTESIAN_POINT('',(9.,-18.1));
#2118 = VECTOR('',#2119,1.);
#2119 = DIRECTION('',(1.739406944263E-17,-1.));
#2120 = ( GEOMETRIC_REPRESENTATION_CONTEXT(2) 
PARAMETRIC_REPRESENTATION_CONTEXT() REPRESENTATION_CONTEXT('2D SPACE',''
  ) );
#2121 = ORIENTED_EDGE('',*,*,#2021,.F.);
#2122 = ADVANCED_FACE('',(#2123),#988,.T.);
#2123 = FACE_BOUND('',#2124,.T.);
#2124 = EDGE_LOOP('',(#2125,#2126,#2127,#2128,#2129));
#2125 = ORIENTED_EDGE('',*,*,#974,.F.);
#2126 = ORIENTED_EDGE('',*,*,#1005,.T.);
#2127 = ORIENTED_EDGE('',*,*,#1213,.T.);
#2128 = ORIENTED_EDGE('',*,*,#1368,.F.);
#2129 = ORIENTED_EDGE('',*,*,#2130,.F.);
#2130 = EDGE_CURVE('',#947,#1346,#2131,.T.);
#2131 = SURFACE_CURVE('',#2132,(#2136,#2143),.PCURVE_S1.);
#2132 = LINE('',#2133,#2134);
#2133 = CARTESIAN_POINT('',(-24.9,-1.317130430573,35.935870033512));
#2134 = VECTOR('',#2135,1.);
#2135 = DIRECTION('',(1.,0.,0.));
#2136 = PCURVE('',#988,#2137);
#2137 = DEFINITIONAL_REPRESENTATION('',(#2138),#2142);
#2138 = LINE('',#2139,#2140);
#2139 = CARTESIAN_POINT('',(0.,2.4));
#2140 = VECTOR('',#2141,1.);
#2141 = DIRECTION('',(1.,0.));
#2142 = ( GEOMETRIC_REPRESENTATION_CONTEXT(2) 
PARAMETRIC_REPRESENTATION_CONTEXT() REPRESENTATION_CONTEXT('2D SPACE',''
  ) );
#2143 = PCURVE('',#962,#2144);
#2144 = DEFINITIONAL_REPRESENTATION('',(#2145),#2149);
#2145 = LINE('',#2146,#2147);
#2146 = CARTESIAN_POINT('',(13.,2.6645352591E-15));
#2147 = VECTOR('',#2148,1.);
#2148 = DIRECTION('',(0.,1.));
#2149 = ( GEOMETRIC_REPRESENTATION_CONTEXT(2) 
PARAMETRIC_REPRESENTATION_CONTEXT() REPRESENTATION_CONTEXT('2D SPACE',''
  ) );
#2150 = ADVANCED_FACE('',(#2151),#962,.F.);
#2151 = FACE_BOUND('',#2152,.F.);
#2152 = EDGE_LOOP('',(#2153,#2154,#2155,#2176));
#2153 = ORIENTED_EDGE('',*,*,#2130,.F.);
#2154 = ORIENTED_EDGE('',*,*,#946,.T.);
#2155 = ORIENTED_EDGE('',*,*,#2156,.T.);
#2156 = EDGE_CURVE('',#919,#1505,#2157,.T.);
#2157 = SURFACE_CURVE('',#2158,(#2162,#2169),.PCURVE_S1.);
#2158 = LINE('',#2159,#2160);
#2159 = CARTESIAN_POINT('',(-24.9,-1.058311385471,36.901795859801));
#2160 = VECTOR('',#2161,1.);
#2161 = DIRECTION('',(1.,0.,0.));
#2162 = PCURVE('',#962,#2163);
#2163 = DEFINITIONAL_REPRESENTATION('',(#2164),#2168);
#2164 = LINE('',#2165,#2166);
#2165 = CARTESIAN_POINT('',(14.,0.));
#2166 = VECTOR('',#2167,1.);
#2167 = DIRECTION('',(0.,1.));
#2168 = ( GEOMETRIC_REPRESENTATION_CONTEXT(2) 
PARAMETRIC_REPRESENTATION_CONTEXT() REPRESENTATION_CONTEXT('2D SPACE',''
  ) );
#2169 = PCURVE('',#934,#2170);
#2170 = DEFINITIONAL_REPRESENTATION('',(#2171),#2175);
#2171 = LINE('',#2172,#2173);
#2172 = CARTESIAN_POINT('',(0.,0.));
#2173 = VECTOR('',#2174,1.);
#2174 = DIRECTION('',(1.,0.));
#2175 = ( GEOMETRIC_REPRESENTATION_CONTEXT(2) 
PARAMETRIC_REPRESENTATION_CONTEXT() REPRESENTATION_CONTEXT('2D SPACE',''
  ) );
#2176 = ORIENTED_EDGE('',*,*,#1527,.F.);
#2177 = ADVANCED_FACE('',(#2178),#934,.T.);
#2178 = FACE_BOUND('',#2179,.T.);
#2179 = EDGE_LOOP('',(#2180,#2181,#2182,#2183));
#2180 = ORIENTED_EDGE('',*,*,#918,.F.);
#2181 = ORIENTED_EDGE('',*,*,#2156,.T.);
#2182 = ORIENTED_EDGE('',*,*,#1504,.T.);
#2183 = ORIENTED_EDGE('',*,*,#1728,.F.);
#2184 = ADVANCED_FACE('',(#2185),#1278,.T.);
#2185 = FACE_BOUND('',#2186,.T.);
#2186 = EDGE_LOOP('',(#2187,#2188));
#2187 = ORIENTED_EDGE('',*,*,#1549,.T.);
#2188 = ORIENTED_EDGE('',*,*,#1261,.T.);
#2189 = ADVANCED_FACE('',(#2190),#1458,.T.);
#2190 = FACE_BOUND('',#2191,.T.);
#2191 = EDGE_LOOP('',(#2192,#2193));
#2192 = ORIENTED_EDGE('',*,*,#1636,.F.);
#2193 = ORIENTED_EDGE('',*,*,#1441,.T.);
#2194 = ADVANCED_FACE('',(#2195),#1789,.T.);
#2195 = FACE_BOUND('',#2196,.T.);
#2196 = EDGE_LOOP('',(#2197,#2227,#2254,#2282,#2310,#2331,#2332,#2333,
    #2334,#2335,#2358,#2386));
#2197 = ORIENTED_EDGE('',*,*,#2198,.T.);
#2198 = EDGE_CURVE('',#2199,#2201,#2203,.T.);
#2199 = VERTEX_POINT('',#2200);
#2200 = CARTESIAN_POINT('',(24.9,-3.635352413667,36.557035741758));
#2201 = VERTEX_POINT('',#2202);
#2202 = CARTESIAN_POINT('',(24.9,-12.35898384862,4.));
#2203 = SURFACE_CURVE('',#2204,(#2208,#2215),.PCURVE_S1.);
#2204 = LINE('',#2205,#2206);
#2205 = CARTESIAN_POINT('',(24.9,-3.635352413667,36.557035741758));
#2206 = VECTOR('',#2207,1.);
#2207 = DIRECTION('',(1.054044945303E-16,-0.258819045103,-0.965925826289
    ));
#2208 = PCURVE('',#1789,#2209);
#2209 = DEFINITIONAL_REPRESENTATION('',(#2210),#2214);
#2210 = LINE('',#2211,#2212);
#2211 = CARTESIAN_POINT('',(16.,-7.380600920169E-16));
#2212 = VECTOR('',#2213,1.);
#2213 = DIRECTION('',(-1.,1.284163719051E-16));
#2214 = ( GEOMETRIC_REPRESENTATION_CONTEXT(2) 
PARAMETRIC_REPRESENTATION_CONTEXT() REPRESENTATION_CONTEXT('2D SPACE',''
  ) );
#2215 = PCURVE('',#2216,#2221);
#2216 = PLANE('',#2217);
#2217 = AXIS2_PLACEMENT_3D('',#2218,#2219,#2220);
#2218 = CARTESIAN_POINT('',(15.,-7.776457135308,21.102222521133));
#2219 = DIRECTION('',(0.,0.965925826289,-0.258819045103));
#2220 = DIRECTION('',(0.,0.258819045103,0.965925826289));
#2221 = DEFINITIONAL_REPRESENTATION('',(#2222),#2226);
#2222 = LINE('',#2223,#2224);
#2223 = CARTESIAN_POINT('',(16.,9.9));
#2224 = VECTOR('',#2225,1.);
#2225 = DIRECTION('',(-1.,1.054044945303E-16));
#2226 = ( GEOMETRIC_REPRESENTATION_CONTEXT(2) 
PARAMETRIC_REPRESENTATION_CONTEXT() REPRESENTATION_CONTEXT('2D SPACE',''
  ) );
#2227 = ORIENTED_EDGE('',*,*,#2228,.T.);
#2228 = EDGE_CURVE('',#2201,#2229,#2231,.T.);
#2229 = VERTEX_POINT('',#2230);
#2230 = CARTESIAN_POINT('',(24.9,9.48534355803,4.));
#2231 = SURFACE_CURVE('',#2232,(#2236,#2243),.PCURVE_S1.);
#2232 = LINE('',#2233,#2234);
#2233 = CARTESIAN_POINT('',(24.9,-4.029333289294,4.));
#2234 = VECTOR('',#2235,1.);
#2235 = DIRECTION('',(0.,1.,0.));
#2236 = PCURVE('',#1789,#2237);
#2237 = DEFINITIONAL_REPRESENTATION('',(#2238),#2242);
#2238 = LINE('',#2239,#2240);
#2239 = CARTESIAN_POINT('',(-15.54965140439,-8.045824599218));
#2240 = VECTOR('',#2241,1.);
#2241 = DIRECTION('',(0.258819045103,-0.965925826289));
#2242 = ( GEOMETRIC_REPRESENTATION_CONTEXT(2) 
PARAMETRIC_REPRESENTATION_CONTEXT() REPRESENTATION_CONTEXT('2D SPACE',''
  ) );
#2243 = PCURVE('',#2244,#2249);
#2244 = PLANE('',#2245);
#2245 = AXIS2_PLACEMENT_3D('',#2246,#2247,#2248);
#2246 = CARTESIAN_POINT('',(0.,8.,4.));
#2247 = DIRECTION('',(0.,0.,1.));
#2248 = DIRECTION('',(1.,0.,0.));
#2249 = DEFINITIONAL_REPRESENTATION('',(#2250),#2253);
#2250 = B_SPLINE_CURVE_WITH_KNOTS('',1,(#2251,#2252),.UNSPECIFIED.,.F.,
  .F.,(2,2),(-8.329650559328,13.514676847324),.PIECEWISE_BEZIER_KNOTS.);
#2251 = CARTESIAN_POINT('',(24.9,-20.35898384862));
#2252 = CARTESIAN_POINT('',(24.9,1.48534355803));
#2253 = ( GEOMETRIC_REPRESENTATION_CONTEXT(2) 
PARAMETRIC_REPRESENTATION_CONTEXT() REPRESENTATION_CONTEXT('2D SPACE',''
  ) );
#2254 = ORIENTED_EDGE('',*,*,#2255,.T.);
#2255 = EDGE_CURVE('',#2229,#2256,#2258,.T.);
#2256 = VERTEX_POINT('',#2257);
#2257 = CARTESIAN_POINT('',(24.9,13.381034934699,18.538918148337));
#2258 = SURFACE_CURVE('',#2259,(#2263,#2270),.PCURVE_S1.);
#2259 = LINE('',#2260,#2261);
#2260 = CARTESIAN_POINT('',(24.9,9.48534355803,4.));
#2261 = VECTOR('',#2262,1.);
#2262 = DIRECTION('',(0.,0.258819045103,0.965925826289));
#2263 = PCURVE('',#1789,#2264);
#2264 = DEFINITIONAL_REPRESENTATION('',(#2265),#2269);
#2265 = LINE('',#2266,#2267);
#2266 = CARTESIAN_POINT('',(-12.0517956479,-21.1));
#2267 = VECTOR('',#2268,1.);
#2268 = DIRECTION('',(1.,-1.284163719051E-16));
#2269 = ( GEOMETRIC_REPRESENTATION_CONTEXT(2) 
PARAMETRIC_REPRESENTATION_CONTEXT() REPRESENTATION_CONTEXT('2D SPACE',''
  ) );
#2270 = PCURVE('',#2271,#2276);
#2271 = PLANE('',#2272);
#2272 = AXIS2_PLACEMENT_3D('',#2273,#2274,#2275);
#2273 = CARTESIAN_POINT('',(15.,4.322368356111,-15.26848577178));
#2274 = DIRECTION('',(0.,0.965925826289,-0.258819045103));
#2275 = DIRECTION('',(0.,0.258819045103,0.965925826289));
#2276 = DEFINITIONAL_REPRESENTATION('',(#2277),#2281);
#2277 = LINE('',#2278,#2279);
#2278 = CARTESIAN_POINT('',(19.948204352095,9.9));
#2279 = VECTOR('',#2280,1.);
#2280 = DIRECTION('',(1.,0.));
#2281 = ( GEOMETRIC_REPRESENTATION_CONTEXT(2) 
PARAMETRIC_REPRESENTATION_CONTEXT() REPRESENTATION_CONTEXT('2D SPACE',''
  ) );
#2282 = ORIENTED_EDGE('',*,*,#2283,.F.);
#2283 = EDGE_CURVE('',#2284,#2256,#2286,.T.);
#2284 = VERTEX_POINT('',#2285);
#2285 = CARTESIAN_POINT('',(24.9,10.483257455832,19.315375283644));
#2286 = SURFACE_CURVE('',#2287,(#2291,#2298),.PCURVE_S1.);
#2287 = LINE('',#2288,#2289);
#2288 = CARTESIAN_POINT('',(24.9,-7.,24.));
#2289 = VECTOR('',#2290,1.);
#2290 = DIRECTION('',(0.,0.965925826289,-0.258819045103));
#2291 = PCURVE('',#1789,#2292);
#2292 = DEFINITIONAL_REPRESENTATION('',(#2293),#2297);
#2293 = LINE('',#2294,#2295);
#2294 = CARTESIAN_POINT('',(3.,1.919442771075E-15));
#2295 = VECTOR('',#2296,1.);
#2296 = DIRECTION('',(1.739406944263E-17,-1.));
#2297 = ( GEOMETRIC_REPRESENTATION_CONTEXT(2) 
PARAMETRIC_REPRESENTATION_CONTEXT() REPRESENTATION_CONTEXT('2D SPACE',''
  ) );
#2298 = PCURVE('',#2299,#2304);
#2299 = PLANE('',#2300);
#2300 = AXIS2_PLACEMENT_3D('',#2301,#2302,#2303);
#2301 = CARTESIAN_POINT('',(15.,-7.,24.));
#2302 = DIRECTION('',(0.,0.258819045103,0.965925826289));
#2303 = DIRECTION('',(1.,0.,0.));
#2304 = DEFINITIONAL_REPRESENTATION('',(#2305),#2309);
#2305 = LINE('',#2306,#2307);
#2306 = CARTESIAN_POINT('',(9.9,0.));
#2307 = VECTOR('',#2308,1.);
#2308 = DIRECTION('',(0.,1.));
#2309 = ( GEOMETRIC_REPRESENTATION_CONTEXT(2) 
PARAMETRIC_REPRESENTATION_CONTEXT() REPRESENTATION_CONTEXT('2D SPACE',''
  ) );
#2310 = ORIENTED_EDGE('',*,*,#2311,.T.);
#2311 = EDGE_CURVE('',#2284,#2074,#2312,.T.);
#2312 = SURFACE_CURVE('',#2313,(#2317,#2324),.PCURVE_S1.);
#2313 = LINE('',#2314,#2315);
#2314 = CARTESIAN_POINT('',(24.9,10.483257455832,19.315375283644));
#2315 = VECTOR('',#2316,1.);
#2316 = DIRECTION('',(0.,0.258819045103,0.965925826289));
#2317 = PCURVE('',#1789,#2318);
#2318 = DEFINITIONAL_REPRESENTATION('',(#2319),#2323);
#2319 = LINE('',#2320,#2321);
#2320 = CARTESIAN_POINT('',(3.,-18.1));
#2321 = VECTOR('',#2322,1.);
#2322 = DIRECTION('',(1.,-1.739406944263E-17));
#2323 = ( GEOMETRIC_REPRESENTATION_CONTEXT(2) 
PARAMETRIC_REPRESENTATION_CONTEXT() REPRESENTATION_CONTEXT('2D SPACE',''
  ) );
#2324 = PCURVE('',#2089,#2325);
#2325 = DEFINITIONAL_REPRESENTATION('',(#2326),#2330);
#2326 = LINE('',#2327,#2328);
#2327 = CARTESIAN_POINT('',(0.,2.2));
#2328 = VECTOR('',#2329,1.);
#2329 = DIRECTION('',(1.,0.));
#2330 = ( GEOMETRIC_REPRESENTATION_CONTEXT(2) 
PARAMETRIC_REPRESENTATION_CONTEXT() REPRESENTATION_CONTEXT('2D SPACE',''
  ) );
#2331 = ORIENTED_EDGE('',*,*,#2101,.T.);
#2332 = ORIENTED_EDGE('',*,*,#2046,.T.);
#2333 = ORIENTED_EDGE('',*,*,#1974,.F.);
#2334 = ORIENTED_EDGE('',*,*,#1773,.F.);
#2335 = ORIENTED_EDGE('',*,*,#2336,.F.);
#2336 = EDGE_CURVE('',#2337,#1774,#2339,.T.);
#2337 = VERTEX_POINT('',#2338);
#2338 = CARTESIAN_POINT('',(24.9,-1.058311385471,36.901795859801));
#2339 = SURFACE_CURVE('',#2340,(#2344,#2351),.PCURVE_S1.);
#2340 = LINE('',#2341,#2342);
#2341 = CARTESIAN_POINT('',(24.9,-1.058311385471,36.901795859801));
#2342 = VECTOR('',#2343,1.);
#2343 = DIRECTION('',(0.,0.965925826289,-0.258819045103));
#2344 = PCURVE('',#1789,#2345);
#2345 = DEFINITIONAL_REPRESENTATION('',(#2346),#2350);
#2346 = LINE('',#2347,#2348);
#2347 = CARTESIAN_POINT('',(17.,-2.4));
#2348 = VECTOR('',#2349,1.);
#2349 = DIRECTION('',(1.739406944263E-17,-1.));
#2350 = ( GEOMETRIC_REPRESENTATION_CONTEXT(2) 
PARAMETRIC_REPRESENTATION_CONTEXT() REPRESENTATION_CONTEXT('2D SPACE',''
  ) );
#2351 = PCURVE('',#1817,#2352);
#2352 = DEFINITIONAL_REPRESENTATION('',(#2353),#2357);
#2353 = LINE('',#2354,#2355);
#2354 = CARTESIAN_POINT('',(2.2,0.));
#2355 = VECTOR('',#2356,1.);
#2356 = DIRECTION('',(0.,1.));
#2357 = ( GEOMETRIC_REPRESENTATION_CONTEXT(2) 
PARAMETRIC_REPRESENTATION_CONTEXT() REPRESENTATION_CONTEXT('2D SPACE',''
  ) );
#2358 = ORIENTED_EDGE('',*,*,#2359,.F.);
#2359 = EDGE_CURVE('',#2360,#2337,#2362,.T.);
#2360 = VERTEX_POINT('',#2361);
#2361 = CARTESIAN_POINT('',(24.9,-1.317130430573,35.935870033512));
#2362 = SURFACE_CURVE('',#2363,(#2367,#2374),.PCURVE_S1.);
#2363 = LINE('',#2364,#2365);
#2364 = CARTESIAN_POINT('',(24.9,-4.681778016906,23.378834291754));
#2365 = VECTOR('',#2366,1.);
#2366 = DIRECTION('',(0.,0.258819045103,0.965925826289));
#2367 = PCURVE('',#1789,#2368);
#2368 = DEFINITIONAL_REPRESENTATION('',(#2369),#2373);
#2369 = LINE('',#2370,#2371);
#2370 = CARTESIAN_POINT('',(3.,-2.4));
#2371 = VECTOR('',#2372,1.);
#2372 = DIRECTION('',(1.,-1.739406944263E-17));
#2373 = ( GEOMETRIC_REPRESENTATION_CONTEXT(2) 
PARAMETRIC_REPRESENTATION_CONTEXT() REPRESENTATION_CONTEXT('2D SPACE',''
  ) );
#2374 = PCURVE('',#2375,#2380);
#2375 = PLANE('',#2376);
#2376 = AXIS2_PLACEMENT_3D('',#2377,#2378,#2379);
#2377 = CARTESIAN_POINT('',(22.7,-4.681778016906,23.378834291754));
#2378 = DIRECTION('',(0.,0.965925826289,-0.258819045103));
#2379 = DIRECTION('',(0.,0.258819045103,0.965925826289));
#2380 = DEFINITIONAL_REPRESENTATION('',(#2381),#2385);
#2381 = LINE('',#2382,#2383);
#2382 = CARTESIAN_POINT('',(0.,2.2));
#2383 = VECTOR('',#2384,1.);
#2384 = DIRECTION('',(1.,0.));
#2385 = ( GEOMETRIC_REPRESENTATION_CONTEXT(2) 
PARAMETRIC_REPRESENTATION_CONTEXT() REPRESENTATION_CONTEXT('2D SPACE',''
  ) );
#2386 = ORIENTED_EDGE('',*,*,#2387,.F.);
#2387 = EDGE_CURVE('',#2199,#2360,#2388,.T.);
#2388 = SURFACE_CURVE('',#2389,(#2393,#2400),.PCURVE_S1.);
#2389 = LINE('',#2390,#2391);
#2390 = CARTESIAN_POINT('',(24.9,-3.635352413667,36.557035741758));
#2391 = VECTOR('',#2392,1.);
#2392 = DIRECTION('',(0.,0.965925826289,-0.258819045103));
#2393 = PCURVE('',#1789,#2394);
#2394 = DEFINITIONAL_REPRESENTATION('',(#2395),#2399);
#2395 = LINE('',#2396,#2397);
#2396 = CARTESIAN_POINT('',(16.,-7.380600920169E-16));
#2397 = VECTOR('',#2398,1.);
#2398 = DIRECTION('',(1.739406944263E-17,-1.));
#2399 = ( GEOMETRIC_REPRESENTATION_CONTEXT(2) 
PARAMETRIC_REPRESENTATION_CONTEXT() REPRESENTATION_CONTEXT('2D SPACE',''
  ) );
#2400 = PCURVE('',#2401,#2406);
#2401 = PLANE('',#2402);
#2402 = AXIS2_PLACEMENT_3D('',#2403,#2404,#2405);
#2403 = CARTESIAN_POINT('',(19.5,-3.635352413667,36.557035741758));
#2404 = DIRECTION('',(0.,0.258819045103,0.965925826289));
#2405 = DIRECTION('',(1.,0.,0.));
#2406 = DEFINITIONAL_REPRESENTATION('',(#2407),#2411);
#2407 = LINE('',#2408,#2409);
#2408 = CARTESIAN_POINT('',(5.4,0.));
#2409 = VECTOR('',#2410,1.);
#2410 = DIRECTION('',(0.,1.));
#2411 = ( GEOMETRIC_REPRESENTATION_CONTEXT(2) 
PARAMETRIC_REPRESENTATION_CONTEXT() REPRESENTATION_CONTEXT('2D SPACE',''
  ) );
#2412 = ADVANCED_FACE('',(#2413),#1817,.T.);
#2413 = FACE_BOUND('',#2414,.T.);
#2414 = EDGE_LOOP('',(#2415,#2438,#2459,#2460));
#2415 = ORIENTED_EDGE('',*,*,#2416,.F.);
#2416 = EDGE_CURVE('',#2417,#1802,#2419,.T.);
#2417 = VERTEX_POINT('',#2418);
#2418 = CARTESIAN_POINT('',(22.7,-1.058311385471,36.901795859801));
#2419 = SURFACE_CURVE('',#2420,(#2424,#2431),.PCURVE_S1.);
#2420 = LINE('',#2421,#2422);
#2421 = CARTESIAN_POINT('',(22.7,-1.058311385471,36.901795859801));
#2422 = VECTOR('',#2423,1.);
#2423 = DIRECTION('',(0.,0.965925826289,-0.258819045103));
#2424 = PCURVE('',#1817,#2425);
#2425 = DEFINITIONAL_REPRESENTATION('',(#2426),#2430);
#2426 = LINE('',#2427,#2428);
#2427 = CARTESIAN_POINT('',(0.,0.));
#2428 = VECTOR('',#2429,1.);
#2429 = DIRECTION('',(0.,1.));
#2430 = ( GEOMETRIC_REPRESENTATION_CONTEXT(2) 
PARAMETRIC_REPRESENTATION_CONTEXT() REPRESENTATION_CONTEXT('2D SPACE',''
  ) );
#2431 = PCURVE('',#1845,#2432);
#2432 = DEFINITIONAL_REPRESENTATION('',(#2433),#2437);
#2433 = LINE('',#2434,#2435);
#2434 = CARTESIAN_POINT('',(14.,0.));
#2435 = VECTOR('',#2436,1.);
#2436 = DIRECTION('',(0.,-1.));
#2437 = ( GEOMETRIC_REPRESENTATION_CONTEXT(2) 
PARAMETRIC_REPRESENTATION_CONTEXT() REPRESENTATION_CONTEXT('2D SPACE',''
  ) );
#2438 = ORIENTED_EDGE('',*,*,#2439,.T.);
#2439 = EDGE_CURVE('',#2417,#2337,#2440,.T.);
#2440 = SURFACE_CURVE('',#2441,(#2445,#2452),.PCURVE_S1.);
#2441 = LINE('',#2442,#2443);
#2442 = CARTESIAN_POINT('',(22.7,-1.058311385471,36.901795859801));
#2443 = VECTOR('',#2444,1.);
#2444 = DIRECTION('',(1.,0.,0.));
#2445 = PCURVE('',#1817,#2446);
#2446 = DEFINITIONAL_REPRESENTATION('',(#2447),#2451);
#2447 = LINE('',#2448,#2449);
#2448 = CARTESIAN_POINT('',(0.,0.));
#2449 = VECTOR('',#2450,1.);
#2450 = DIRECTION('',(1.,0.));
#2451 = ( GEOMETRIC_REPRESENTATION_CONTEXT(2) 
PARAMETRIC_REPRESENTATION_CONTEXT() REPRESENTATION_CONTEXT('2D SPACE',''
  ) );
#2452 = PCURVE('',#2375,#2453);
#2453 = DEFINITIONAL_REPRESENTATION('',(#2454),#2458);
#2454 = LINE('',#2455,#2456);
#2455 = CARTESIAN_POINT('',(14.,0.));
#2456 = VECTOR('',#2457,1.);
#2457 = DIRECTION('',(0.,1.));
#2458 = ( GEOMETRIC_REPRESENTATION_CONTEXT(2) 
PARAMETRIC_REPRESENTATION_CONTEXT() REPRESENTATION_CONTEXT('2D SPACE',''
  ) );
#2459 = ORIENTED_EDGE('',*,*,#2336,.T.);
#2460 = ORIENTED_EDGE('',*,*,#1801,.F.);
#2461 = ADVANCED_FACE('',(#2462),#1845,.F.);
#2462 = FACE_BOUND('',#2463,.F.);
#2463 = EDGE_LOOP('',(#2464,#2494,#2517,#2538,#2539,#2572,#2573,#2574,
    #2597,#2620));
#2464 = ORIENTED_EDGE('',*,*,#2465,.F.);
#2465 = EDGE_CURVE('',#2466,#2468,#2470,.T.);
#2466 = VERTEX_POINT('',#2467);
#2467 = CARTESIAN_POINT('',(22.7,-4.681778016906,23.378834291754));
#2468 = VERTEX_POINT('',#2469);
#2469 = CARTESIAN_POINT('',(22.7,-2.816248897604,30.341083747988));
#2470 = SURFACE_CURVE('',#2471,(#2475,#2482),.PCURVE_S1.);
#2471 = LINE('',#2472,#2473);
#2472 = CARTESIAN_POINT('',(22.7,-4.681778016906,23.378834291754));
#2473 = VECTOR('',#2474,1.);
#2474 = DIRECTION('',(0.,0.258819045103,0.965925826289));
#2475 = PCURVE('',#1845,#2476);
#2476 = DEFINITIONAL_REPRESENTATION('',(#2477),#2481);
#2477 = LINE('',#2478,#2479);
#2478 = CARTESIAN_POINT('',(0.,0.));
#2479 = VECTOR('',#2480,1.);
#2480 = DIRECTION('',(1.,0.));
#2481 = ( GEOMETRIC_REPRESENTATION_CONTEXT(2) 
PARAMETRIC_REPRESENTATION_CONTEXT() REPRESENTATION_CONTEXT('2D SPACE',''
  ) );
#2482 = PCURVE('',#2483,#2488);
#2483 = PLANE('',#2484);
#2484 = AXIS2_PLACEMENT_3D('',#2485,#2486,#2487);
#2485 = CARTESIAN_POINT('',(19.5,-4.681778016906,23.378834291754));
#2486 = DIRECTION('',(0.,0.965925826289,-0.258819045103));
#2487 = DIRECTION('',(0.,0.258819045103,0.965925826289));
#2488 = DEFINITIONAL_REPRESENTATION('',(#2489),#2493);
#2489 = LINE('',#2490,#2491);
#2490 = CARTESIAN_POINT('',(0.,3.2));
#2491 = VECTOR('',#2492,1.);
#2492 = DIRECTION('',(1.,0.));
#2493 = ( GEOMETRIC_REPRESENTATION_CONTEXT(2) 
PARAMETRIC_REPRESENTATION_CONTEXT() REPRESENTATION_CONTEXT('2D SPACE',''
  ) );
#2494 = ORIENTED_EDGE('',*,*,#2495,.T.);
#2495 = EDGE_CURVE('',#2466,#2496,#2498,.T.);
#2496 = VERTEX_POINT('',#2497);
#2497 = CARTESIAN_POINT('',(22.7,10.483257455832,19.315375283644));
#2498 = SURFACE_CURVE('',#2499,(#2503,#2510),.PCURVE_S1.);
#2499 = LINE('',#2500,#2501);
#2500 = CARTESIAN_POINT('',(22.7,-4.681778016906,23.378834291754));
#2501 = VECTOR('',#2502,1.);
#2502 = DIRECTION('',(0.,0.965925826289,-0.258819045103));
#2503 = PCURVE('',#1845,#2504);
#2504 = DEFINITIONAL_REPRESENTATION('',(#2505),#2509);
#2505 = LINE('',#2506,#2507);
#2506 = CARTESIAN_POINT('',(0.,0.));
#2507 = VECTOR('',#2508,1.);
#2508 = DIRECTION('',(0.,-1.));
#2509 = ( GEOMETRIC_REPRESENTATION_CONTEXT(2) 
PARAMETRIC_REPRESENTATION_CONTEXT() REPRESENTATION_CONTEXT('2D SPACE',''
  ) );
#2510 = PCURVE('',#2299,#2511);
#2511 = DEFINITIONAL_REPRESENTATION('',(#2512),#2516);
#2512 = LINE('',#2513,#2514);
#2513 = CARTESIAN_POINT('',(7.7,2.4));
#2514 = VECTOR('',#2515,1.);
#2515 = DIRECTION('',(0.,1.));
#2516 = ( GEOMETRIC_REPRESENTATION_CONTEXT(2) 
PARAMETRIC_REPRESENTATION_CONTEXT() REPRESENTATION_CONTEXT('2D SPACE',''
  ) );
#2517 = ORIENTED_EDGE('',*,*,#2518,.T.);
#2518 = EDGE_CURVE('',#2496,#1613,#2519,.T.);
#2519 = SURFACE_CURVE('',#2520,(#2524,#2531),.PCURVE_S1.);
#2520 = LINE('',#2521,#2522);
#2521 = CARTESIAN_POINT('',(22.7,10.483257455832,19.315375283644));
#2522 = VECTOR('',#2523,1.);
#2523 = DIRECTION('',(0.,0.258819045103,0.965925826289));
#2524 = PCURVE('',#1845,#2525);
#2525 = DEFINITIONAL_REPRESENTATION('',(#2526),#2530);
#2526 = LINE('',#2527,#2528);
#2527 = CARTESIAN_POINT('',(0.,-15.7));
#2528 = VECTOR('',#2529,1.);
#2529 = DIRECTION('',(1.,0.));
#2530 = ( GEOMETRIC_REPRESENTATION_CONTEXT(2) 
PARAMETRIC_REPRESENTATION_CONTEXT() REPRESENTATION_CONTEXT('2D SPACE',''
  ) );
#2531 = PCURVE('',#2089,#2532);
#2532 = DEFINITIONAL_REPRESENTATION('',(#2533),#2537);
#2533 = LINE('',#2534,#2535);
#2534 = CARTESIAN_POINT('',(0.,0.));
#2535 = VECTOR('',#2536,1.);
#2536 = DIRECTION('',(1.,0.));
#2537 = ( GEOMETRIC_REPRESENTATION_CONTEXT(2) 
PARAMETRIC_REPRESENTATION_CONTEXT() REPRESENTATION_CONTEXT('2D SPACE',''
  ) );
#2538 = ORIENTED_EDGE('',*,*,#1948,.T.);
#2539 = ORIENTED_EDGE('',*,*,#2540,.F.);
#2540 = EDGE_CURVE('',#1830,#1858,#2541,.T.);
#2541 = SURFACE_CURVE('',#2542,(#2547,#2554),.PCURVE_S1.);
#2542 = CIRCLE('',#2543,1.090871211464);
#2543 = AXIS2_PLACEMENT_3D('',#2544,#2545,#2546);
#2544 = CARTESIAN_POINT('',(22.7,13.278254186369,26.84866761013));
#2545 = DIRECTION('',(1.,0.,-0.));
#2546 = DIRECTION('',(0.,0.258819045103,0.965925826289));
#2547 = PCURVE('',#1845,#2548);
#2548 = DEFINITIONAL_REPRESENTATION('',(#2549),#2553);
#2549 = CIRCLE('',#2550,1.090871211464);
#2550 = AXIS2_PLACEMENT_2D('',#2551,#2552);
#2551 = CARTESIAN_POINT('',(8.,-16.45));
#2552 = DIRECTION('',(1.,0.));
#2553 = ( GEOMETRIC_REPRESENTATION_CONTEXT(2) 
PARAMETRIC_REPRESENTATION_CONTEXT() REPRESENTATION_CONTEXT('2D SPACE',''
  ) );
#2554 = PCURVE('',#1874,#2555);
#2555 = DEFINITIONAL_REPRESENTATION('',(#2556),#2571);
#2556 = B_SPLINE_CURVE_WITH_KNOTS('',7,(#2557,#2558,#2559,#2560,#2561,
    #2562,#2563,#2564,#2565,#2566,#2567,#2568,#2569,#2570),
  .UNSPECIFIED.,.F.,.F.,(8,6,8),(0.758073640194,1.570796326795,
    2.383519013396),.UNSPECIFIED.);
#2557 = CARTESIAN_POINT('',(5.300391583932,0.720984022778));
#2558 = CARTESIAN_POINT('',(5.243794006449,0.624380286978));
#2559 = CARTESIAN_POINT('',(5.205666647787,0.523525513683));
#2560 = CARTESIAN_POINT('',(5.178668431834,0.420577788744));
#2561 = CARTESIAN_POINT('',(5.160040068961,0.316225231064));
#2562 = CARTESIAN_POINT('',(5.148120392548,0.21109062598));
#2563 = CARTESIAN_POINT('',(5.142164411689,0.105544735919));
#2564 = CARTESIAN_POINT('',(5.142164411689,-0.105544735919));
#2565 = CARTESIAN_POINT('',(5.148120392548,-0.21109062598));
#2566 = CARTESIAN_POINT('',(5.160040068961,-0.316225231064));
#2567 = CARTESIAN_POINT('',(5.178668431834,-0.420577788744));
#2568 = CARTESIAN_POINT('',(5.205666647787,-0.523525513683));
#2569 = CARTESIAN_POINT('',(5.243794006449,-0.624380286978));
#2570 = CARTESIAN_POINT('',(5.300391583932,-0.720984022778));
#2571 = ( GEOMETRIC_REPRESENTATION_CONTEXT(2) 
PARAMETRIC_REPRESENTATION_CONTEXT() REPRESENTATION_CONTEXT('2D SPACE',''
  ) );
#2572 = ORIENTED_EDGE('',*,*,#1829,.T.);
#2573 = ORIENTED_EDGE('',*,*,#2416,.F.);
#2574 = ORIENTED_EDGE('',*,*,#2575,.F.);
#2575 = EDGE_CURVE('',#2576,#2417,#2578,.T.);
#2576 = VERTEX_POINT('',#2577);
#2577 = CARTESIAN_POINT('',(22.7,-1.317130430573,35.935870033512));
#2578 = SURFACE_CURVE('',#2579,(#2583,#2590),.PCURVE_S1.);
#2579 = LINE('',#2580,#2581);
#2580 = CARTESIAN_POINT('',(22.7,-4.681778016906,23.378834291754));
#2581 = VECTOR('',#2582,1.);
#2582 = DIRECTION('',(0.,0.258819045103,0.965925826289));
#2583 = PCURVE('',#1845,#2584);
#2584 = DEFINITIONAL_REPRESENTATION('',(#2585),#2589);
#2585 = LINE('',#2586,#2587);
#2586 = CARTESIAN_POINT('',(0.,0.));
#2587 = VECTOR('',#2588,1.);
#2588 = DIRECTION('',(1.,0.));
#2589 = ( GEOMETRIC_REPRESENTATION_CONTEXT(2) 
PARAMETRIC_REPRESENTATION_CONTEXT() REPRESENTATION_CONTEXT('2D SPACE',''
  ) );
#2590 = PCURVE('',#2375,#2591);
#2591 = DEFINITIONAL_REPRESENTATION('',(#2592),#2596);
#2592 = LINE('',#2593,#2594);
#2593 = CARTESIAN_POINT('',(0.,0.));
#2594 = VECTOR('',#2595,1.);
#2595 = DIRECTION('',(1.,0.));
#2596 = ( GEOMETRIC_REPRESENTATION_CONTEXT(2) 
PARAMETRIC_REPRESENTATION_CONTEXT() REPRESENTATION_CONTEXT('2D SPACE',''
  ) );
#2597 = ORIENTED_EDGE('',*,*,#2598,.F.);
#2598 = EDGE_CURVE('',#2599,#2576,#2601,.T.);
#2599 = VERTEX_POINT('',#2600);
#2600 = CARTESIAN_POINT('',(22.7,-2.406202414568,31.871398056145));
#2601 = SURFACE_CURVE('',#2602,(#2606,#2613),.PCURVE_S1.);
#2602 = LINE('',#2603,#2604);
#2603 = CARTESIAN_POINT('',(22.7,-4.681778016906,23.378834291754));
#2604 = VECTOR('',#2605,1.);
#2605 = DIRECTION('',(0.,0.258819045103,0.965925826289));
#2606 = PCURVE('',#1845,#2607);
#2607 = DEFINITIONAL_REPRESENTATION('',(#2608),#2612);
#2608 = LINE('',#2609,#2610);
#2609 = CARTESIAN_POINT('',(0.,0.));
#2610 = VECTOR('',#2611,1.);
#2611 = DIRECTION('',(1.,0.));
#2612 = ( GEOMETRIC_REPRESENTATION_CONTEXT(2) 
PARAMETRIC_REPRESENTATION_CONTEXT() REPRESENTATION_CONTEXT('2D SPACE',''
  ) );
#2613 = PCURVE('',#2483,#2614);
#2614 = DEFINITIONAL_REPRESENTATION('',(#2615),#2619);
#2615 = LINE('',#2616,#2617);
#2616 = CARTESIAN_POINT('',(0.,3.2));
#2617 = VECTOR('',#2618,1.);
#2618 = DIRECTION('',(1.,0.));
#2619 = ( GEOMETRIC_REPRESENTATION_CONTEXT(2) 
PARAMETRIC_REPRESENTATION_CONTEXT() REPRESENTATION_CONTEXT('2D SPACE',''
  ) );
#2620 = ORIENTED_EDGE('',*,*,#2621,.F.);
#2621 = EDGE_CURVE('',#2468,#2599,#2622,.T.);
#2622 = SURFACE_CURVE('',#2623,(#2628,#2635),.PCURVE_S1.);
#2623 = CIRCLE('',#2624,1.090871211464);
#2624 = AXIS2_PLACEMENT_3D('',#2625,#2626,#2627);
#2625 = CARTESIAN_POINT('',(22.7,-3.335670025803,31.300355185893));
#2626 = DIRECTION('',(1.,0.,-0.));
#2627 = DIRECTION('',(0.,0.258819045103,0.965925826289));
#2628 = PCURVE('',#1845,#2629);
#2629 = DEFINITIONAL_REPRESENTATION('',(#2630),#2634);
#2630 = CIRCLE('',#2631,1.090871211464);
#2631 = AXIS2_PLACEMENT_2D('',#2632,#2633);
#2632 = CARTESIAN_POINT('',(8.,0.75));
#2633 = DIRECTION('',(1.,0.));
#2634 = ( GEOMETRIC_REPRESENTATION_CONTEXT(2) 
PARAMETRIC_REPRESENTATION_CONTEXT() REPRESENTATION_CONTEXT('2D SPACE',''
  ) );
#2635 = PCURVE('',#2636,#2641);
#2636 = SPHERICAL_SURFACE('',#2637,1.2);
#2637 = AXIS2_PLACEMENT_3D('',#2638,#2639,#2640);
#2638 = CARTESIAN_POINT('',(22.2,-3.335670025803,31.300355185893));
#2639 = DIRECTION('',(0.,0.258819045103,0.965925826289));
#2640 = DIRECTION('',(1.,0.,0.));
#2641 = DEFINITIONAL_REPRESENTATION('',(#2642),#2657);
#2642 = B_SPLINE_CURVE_WITH_KNOTS('',7,(#2643,#2644,#2645,#2646,#2647,
    #2648,#2649,#2650,#2651,#2652,#2653,#2654,#2655,#2656),
  .UNSPECIFIED.,.F.,.F.,(8,6,8),(3.899666293784,4.712388980385,
    5.525111666986),.UNSPECIFIED.);
#2643 = CARTESIAN_POINT('',(0.982793723247,-0.720984022778));
#2644 = CARTESIAN_POINT('',(1.039391300731,-0.624380286978));
#2645 = CARTESIAN_POINT('',(1.077518659393,-0.523525513683));
#2646 = CARTESIAN_POINT('',(1.104516875345,-0.420577788744));
#2647 = CARTESIAN_POINT('',(1.123145238219,-0.316225231064));
#2648 = CARTESIAN_POINT('',(1.135064914631,-0.21109062598));
#2649 = CARTESIAN_POINT('',(1.14102089549,-0.105544735919));
#2650 = CARTESIAN_POINT('',(1.14102089549,0.105544735919));
#2651 = CARTESIAN_POINT('',(1.135064914631,0.21109062598));
#2652 = CARTESIAN_POINT('',(1.123145238218,0.316225231064));
#2653 = CARTESIAN_POINT('',(1.104516875346,0.420577788744));
#2654 = CARTESIAN_POINT('',(1.077518659393,0.523525513683));
#2655 = CARTESIAN_POINT('',(1.039391300731,0.624380286978));
#2656 = CARTESIAN_POINT('',(0.982793723247,0.720984022778));
#2657 = ( GEOMETRIC_REPRESENTATION_CONTEXT(2) 
PARAMETRIC_REPRESENTATION_CONTEXT() REPRESENTATION_CONTEXT('2D SPACE',''
  ) );
#2658 = ADVANCED_FACE('',(#2659),#1874,.T.);
#2659 = FACE_BOUND('',#2660,.T.);
#2660 = EDGE_LOOP('',(#2661,#2662));
#2661 = ORIENTED_EDGE('',*,*,#2540,.F.);
#2662 = ORIENTED_EDGE('',*,*,#1857,.F.);
#2663 = ADVANCED_FACE('',(#2664),#2089,.T.);
#2664 = FACE_BOUND('',#2665,.T.);
#2665 = EDGE_LOOP('',(#2666,#2667,#2688,#2689));
#2666 = ORIENTED_EDGE('',*,*,#2311,.F.);
#2667 = ORIENTED_EDGE('',*,*,#2668,.F.);
#2668 = EDGE_CURVE('',#2496,#2284,#2669,.T.);
#2669 = SURFACE_CURVE('',#2670,(#2674,#2681),.PCURVE_S1.);
#2670 = LINE('',#2671,#2672);
#2671 = CARTESIAN_POINT('',(22.7,10.483257455832,19.315375283644));
#2672 = VECTOR('',#2673,1.);
#2673 = DIRECTION('',(1.,0.,0.));
#2674 = PCURVE('',#2089,#2675);
#2675 = DEFINITIONAL_REPRESENTATION('',(#2676),#2680);
#2676 = LINE('',#2677,#2678);
#2677 = CARTESIAN_POINT('',(0.,0.));
#2678 = VECTOR('',#2679,1.);
#2679 = DIRECTION('',(0.,1.));
#2680 = ( GEOMETRIC_REPRESENTATION_CONTEXT(2) 
PARAMETRIC_REPRESENTATION_CONTEXT() REPRESENTATION_CONTEXT('2D SPACE',''
  ) );
#2681 = PCURVE('',#2299,#2682);
#2682 = DEFINITIONAL_REPRESENTATION('',(#2683),#2687);
#2683 = LINE('',#2684,#2685);
#2684 = CARTESIAN_POINT('',(7.7,18.1));
#2685 = VECTOR('',#2686,1.);
#2686 = DIRECTION('',(1.,0.));
#2687 = ( GEOMETRIC_REPRESENTATION_CONTEXT(2) 
PARAMETRIC_REPRESENTATION_CONTEXT() REPRESENTATION_CONTEXT('2D SPACE',''
  ) );
#2688 = ORIENTED_EDGE('',*,*,#2518,.T.);
#2689 = ORIENTED_EDGE('',*,*,#2073,.T.);
#2690 = ADVANCED_FACE('',(#2691),#2216,.F.);
#2691 = FACE_BOUND('',#2692,.F.);
#2692 = EDGE_LOOP('',(#2693,#2694,#2716,#2744,#2767,#2795));
#2693 = ORIENTED_EDGE('',*,*,#2198,.T.);
#2694 = ORIENTED_EDGE('',*,*,#2695,.T.);
#2695 = EDGE_CURVE('',#2201,#2696,#2698,.T.);
#2696 = VERTEX_POINT('',#2697);
#2697 = CARTESIAN_POINT('',(15.,-12.35898384862,4.));
#2698 = SURFACE_CURVE('',#2699,(#2703,#2710),.PCURVE_S1.);
#2699 = LINE('',#2700,#2701);
#2700 = CARTESIAN_POINT('',(7.5,-12.35898384862,4.));
#2701 = VECTOR('',#2702,1.);
#2702 = DIRECTION('',(-1.,0.,0.));
#2703 = PCURVE('',#2216,#2704);
#2704 = DEFINITIONAL_REPRESENTATION('',(#2705),#2709);
#2705 = LINE('',#2706,#2707);
#2706 = CARTESIAN_POINT('',(-17.7055236082,-7.5));
#2707 = VECTOR('',#2708,1.);
#2708 = DIRECTION('',(0.,-1.));
#2709 = ( GEOMETRIC_REPRESENTATION_CONTEXT(2) 
PARAMETRIC_REPRESENTATION_CONTEXT() REPRESENTATION_CONTEXT('2D SPACE',''
  ) );
#2710 = PCURVE('',#2244,#2711);
#2711 = DEFINITIONAL_REPRESENTATION('',(#2712),#2715);
#2712 = B_SPLINE_CURVE_WITH_KNOTS('',1,(#2713,#2714),.UNSPECIFIED.,.F.,
  .F.,(2,2),(-17.4,-7.5),.PIECEWISE_BEZIER_KNOTS.);
#2713 = CARTESIAN_POINT('',(24.9,-20.35898384862));
#2714 = CARTESIAN_POINT('',(15.,-20.35898384862));
#2715 = ( GEOMETRIC_REPRESENTATION_CONTEXT(2) 
PARAMETRIC_REPRESENTATION_CONTEXT() REPRESENTATION_CONTEXT('2D SPACE',''
  ) );
#2716 = ORIENTED_EDGE('',*,*,#2717,.F.);
#2717 = EDGE_CURVE('',#2718,#2696,#2720,.T.);
#2718 = VERTEX_POINT('',#2719);
#2719 = CARTESIAN_POINT('',(15.,-7.,24.));
#2720 = SURFACE_CURVE('',#2721,(#2725,#2732),.PCURVE_S1.);
#2721 = LINE('',#2722,#2723);
#2722 = CARTESIAN_POINT('',(15.,-7.,24.));
#2723 = VECTOR('',#2724,1.);
#2724 = DIRECTION('',(-8.57914473941E-17,-0.258819045103,-0.965925826289
    ));
#2725 = PCURVE('',#2216,#2726);
#2726 = DEFINITIONAL_REPRESENTATION('',(#2727),#2731);
#2727 = LINE('',#2728,#2729);
#2728 = CARTESIAN_POINT('',(3.,0.));
#2729 = VECTOR('',#2730,1.);
#2730 = DIRECTION('',(-1.,-8.57914473941E-17));
#2731 = ( GEOMETRIC_REPRESENTATION_CONTEXT(2) 
PARAMETRIC_REPRESENTATION_CONTEXT() REPRESENTATION_CONTEXT('2D SPACE',''
  ) );
#2732 = PCURVE('',#2733,#2738);
#2733 = PLANE('',#2734);
#2734 = AXIS2_PLACEMENT_3D('',#2735,#2736,#2737);
#2735 = CARTESIAN_POINT('',(15.,-24.,-1.));
#2736 = DIRECTION('',(1.,0.,0.));
#2737 = DIRECTION('',(0.,0.,1.));
#2738 = DEFINITIONAL_REPRESENTATION('',(#2739),#2743);
#2739 = LINE('',#2740,#2741);
#2740 = CARTESIAN_POINT('',(25.,-17.));
#2741 = VECTOR('',#2742,1.);
#2742 = DIRECTION('',(-0.965925826289,0.258819045103));
#2743 = ( GEOMETRIC_REPRESENTATION_CONTEXT(2) 
PARAMETRIC_REPRESENTATION_CONTEXT() REPRESENTATION_CONTEXT('2D SPACE',''
  ) );
#2744 = ORIENTED_EDGE('',*,*,#2745,.T.);
#2745 = EDGE_CURVE('',#2718,#2746,#2748,.T.);
#2746 = VERTEX_POINT('',#2747);
#2747 = CARTESIAN_POINT('',(19.5,-7.,24.));
#2748 = SURFACE_CURVE('',#2749,(#2753,#2760),.PCURVE_S1.);
#2749 = LINE('',#2750,#2751);
#2750 = CARTESIAN_POINT('',(15.,-7.,24.));
#2751 = VECTOR('',#2752,1.);
#2752 = DIRECTION('',(1.,0.,0.));
#2753 = PCURVE('',#2216,#2754);
#2754 = DEFINITIONAL_REPRESENTATION('',(#2755),#2759);
#2755 = LINE('',#2756,#2757);
#2756 = CARTESIAN_POINT('',(3.,0.));
#2757 = VECTOR('',#2758,1.);
#2758 = DIRECTION('',(0.,1.));
#2759 = ( GEOMETRIC_REPRESENTATION_CONTEXT(2) 
PARAMETRIC_REPRESENTATION_CONTEXT() REPRESENTATION_CONTEXT('2D SPACE',''
  ) );
#2760 = PCURVE('',#2299,#2761);
#2761 = DEFINITIONAL_REPRESENTATION('',(#2762),#2766);
#2762 = LINE('',#2763,#2764);
#2763 = CARTESIAN_POINT('',(0.,0.));
#2764 = VECTOR('',#2765,1.);
#2765 = DIRECTION('',(1.,0.));
#2766 = ( GEOMETRIC_REPRESENTATION_CONTEXT(2) 
PARAMETRIC_REPRESENTATION_CONTEXT() REPRESENTATION_CONTEXT('2D SPACE',''
  ) );
#2767 = ORIENTED_EDGE('',*,*,#2768,.T.);
#2768 = EDGE_CURVE('',#2746,#2769,#2771,.T.);
#2769 = VERTEX_POINT('',#2770);
#2770 = CARTESIAN_POINT('',(19.5,-3.635352413667,36.557035741758));
#2771 = SURFACE_CURVE('',#2772,(#2776,#2783),.PCURVE_S1.);
#2772 = LINE('',#2773,#2774);
#2773 = CARTESIAN_POINT('',(19.5,-7.,24.));
#2774 = VECTOR('',#2775,1.);
#2775 = DIRECTION('',(0.,0.258819045103,0.965925826289));
#2776 = PCURVE('',#2216,#2777);
#2777 = DEFINITIONAL_REPRESENTATION('',(#2778),#2782);
#2778 = LINE('',#2779,#2780);
#2779 = CARTESIAN_POINT('',(3.,4.5));
#2780 = VECTOR('',#2781,1.);
#2781 = DIRECTION('',(1.,0.));
#2782 = ( GEOMETRIC_REPRESENTATION_CONTEXT(2) 
PARAMETRIC_REPRESENTATION_CONTEXT() REPRESENTATION_CONTEXT('2D SPACE',''
  ) );
#2783 = PCURVE('',#2784,#2789);
#2784 = PLANE('',#2785);
#2785 = AXIS2_PLACEMENT_3D('',#2786,#2787,#2788);
#2786 = CARTESIAN_POINT('',(19.5,-7.,24.));
#2787 = DIRECTION('',(1.,0.,0.));
#2788 = DIRECTION('',(0.,0.258819045103,0.965925826289));
#2789 = DEFINITIONAL_REPRESENTATION('',(#2790),#2794);
#2790 = LINE('',#2791,#2792);
#2791 = CARTESIAN_POINT('',(0.,0.));
#2792 = VECTOR('',#2793,1.);
#2793 = DIRECTION('',(1.,0.));
#2794 = ( GEOMETRIC_REPRESENTATION_CONTEXT(2) 
PARAMETRIC_REPRESENTATION_CONTEXT() REPRESENTATION_CONTEXT('2D SPACE',''
  ) );
#2795 = ORIENTED_EDGE('',*,*,#2796,.T.);
#2796 = EDGE_CURVE('',#2769,#2199,#2797,.T.);
#2797 = SURFACE_CURVE('',#2798,(#2802,#2809),.PCURVE_S1.);
#2798 = LINE('',#2799,#2800);
#2799 = CARTESIAN_POINT('',(19.5,-3.635352413667,36.557035741758));
#2800 = VECTOR('',#2801,1.);
#2801 = DIRECTION('',(1.,0.,0.));
#2802 = PCURVE('',#2216,#2803);
#2803 = DEFINITIONAL_REPRESENTATION('',(#2804),#2808);
#2804 = LINE('',#2805,#2806);
#2805 = CARTESIAN_POINT('',(16.,4.5));
#2806 = VECTOR('',#2807,1.);
#2807 = DIRECTION('',(0.,1.));
#2808 = ( GEOMETRIC_REPRESENTATION_CONTEXT(2) 
PARAMETRIC_REPRESENTATION_CONTEXT() REPRESENTATION_CONTEXT('2D SPACE',''
  ) );
#2809 = PCURVE('',#2401,#2810);
#2810 = DEFINITIONAL_REPRESENTATION('',(#2811),#2815);
#2811 = LINE('',#2812,#2813);
#2812 = CARTESIAN_POINT('',(0.,0.));
#2813 = VECTOR('',#2814,1.);
#2814 = DIRECTION('',(1.,0.));
#2815 = ( GEOMETRIC_REPRESENTATION_CONTEXT(2) 
PARAMETRIC_REPRESENTATION_CONTEXT() REPRESENTATION_CONTEXT('2D SPACE',''
  ) );
#2816 = ADVANCED_FACE('',(#2817),#2401,.T.);
#2817 = FACE_BOUND('',#2818,.T.);
#2818 = EDGE_LOOP('',(#2819,#2842,#2843,#2844,#2865));
#2819 = ORIENTED_EDGE('',*,*,#2820,.F.);
#2820 = EDGE_CURVE('',#2769,#2821,#2823,.T.);
#2821 = VERTEX_POINT('',#2822);
#2822 = CARTESIAN_POINT('',(19.5,-1.317130430573,35.935870033512));
#2823 = SURFACE_CURVE('',#2824,(#2828,#2835),.PCURVE_S1.);
#2824 = LINE('',#2825,#2826);
#2825 = CARTESIAN_POINT('',(19.5,-3.635352413667,36.557035741758));
#2826 = VECTOR('',#2827,1.);
#2827 = DIRECTION('',(0.,0.965925826289,-0.258819045103));
#2828 = PCURVE('',#2401,#2829);
#2829 = DEFINITIONAL_REPRESENTATION('',(#2830),#2834);
#2830 = LINE('',#2831,#2832);
#2831 = CARTESIAN_POINT('',(0.,0.));
#2832 = VECTOR('',#2833,1.);
#2833 = DIRECTION('',(0.,1.));
#2834 = ( GEOMETRIC_REPRESENTATION_CONTEXT(2) 
PARAMETRIC_REPRESENTATION_CONTEXT() REPRESENTATION_CONTEXT('2D SPACE',''
  ) );
#2835 = PCURVE('',#2784,#2836);
#2836 = DEFINITIONAL_REPRESENTATION('',(#2837),#2841);
#2837 = LINE('',#2838,#2839);
#2838 = CARTESIAN_POINT('',(13.,0.));
#2839 = VECTOR('',#2840,1.);
#2840 = DIRECTION('',(0.,-1.));
#2841 = ( GEOMETRIC_REPRESENTATION_CONTEXT(2) 
PARAMETRIC_REPRESENTATION_CONTEXT() REPRESENTATION_CONTEXT('2D SPACE',''
  ) );
#2842 = ORIENTED_EDGE('',*,*,#2796,.T.);
#2843 = ORIENTED_EDGE('',*,*,#2387,.T.);
#2844 = ORIENTED_EDGE('',*,*,#2845,.F.);
#2845 = EDGE_CURVE('',#2576,#2360,#2846,.T.);
#2846 = SURFACE_CURVE('',#2847,(#2851,#2858),.PCURVE_S1.);
#2847 = LINE('',#2848,#2849);
#2848 = CARTESIAN_POINT('',(19.5,-1.317130430573,35.935870033512));
#2849 = VECTOR('',#2850,1.);
#2850 = DIRECTION('',(1.,0.,0.));
#2851 = PCURVE('',#2401,#2852);
#2852 = DEFINITIONAL_REPRESENTATION('',(#2853),#2857);
#2853 = LINE('',#2854,#2855);
#2854 = CARTESIAN_POINT('',(0.,2.4));
#2855 = VECTOR('',#2856,1.);
#2856 = DIRECTION('',(1.,0.));
#2857 = ( GEOMETRIC_REPRESENTATION_CONTEXT(2) 
PARAMETRIC_REPRESENTATION_CONTEXT() REPRESENTATION_CONTEXT('2D SPACE',''
  ) );
#2858 = PCURVE('',#2375,#2859);
#2859 = DEFINITIONAL_REPRESENTATION('',(#2860),#2864);
#2860 = LINE('',#2861,#2862);
#2861 = CARTESIAN_POINT('',(13.,-3.2));
#2862 = VECTOR('',#2863,1.);
#2863 = DIRECTION('',(0.,1.));
#2864 = ( GEOMETRIC_REPRESENTATION_CONTEXT(2) 
PARAMETRIC_REPRESENTATION_CONTEXT() REPRESENTATION_CONTEXT('2D SPACE',''
  ) );
#2865 = ORIENTED_EDGE('',*,*,#2866,.F.);
#2866 = EDGE_CURVE('',#2821,#2576,#2867,.T.);
#2867 = SURFACE_CURVE('',#2868,(#2872,#2879),.PCURVE_S1.);
#2868 = LINE('',#2869,#2870);
#2869 = CARTESIAN_POINT('',(19.5,-1.317130430573,35.935870033512));
#2870 = VECTOR('',#2871,1.);
#2871 = DIRECTION('',(1.,0.,0.));
#2872 = PCURVE('',#2401,#2873);
#2873 = DEFINITIONAL_REPRESENTATION('',(#2874),#2878);
#2874 = LINE('',#2875,#2876);
#2875 = CARTESIAN_POINT('',(0.,2.4));
#2876 = VECTOR('',#2877,1.);
#2877 = DIRECTION('',(1.,0.));
#2878 = ( GEOMETRIC_REPRESENTATION_CONTEXT(2) 
PARAMETRIC_REPRESENTATION_CONTEXT() REPRESENTATION_CONTEXT('2D SPACE',''
  ) );
#2879 = PCURVE('',#2483,#2880);
#2880 = DEFINITIONAL_REPRESENTATION('',(#2881),#2885);
#2881 = LINE('',#2882,#2883);
#2882 = CARTESIAN_POINT('',(13.,0.));
#2883 = VECTOR('',#2884,1.);
#2884 = DIRECTION('',(0.,1.));
#2885 = ( GEOMETRIC_REPRESENTATION_CONTEXT(2) 
PARAMETRIC_REPRESENTATION_CONTEXT() REPRESENTATION_CONTEXT('2D SPACE',''
  ) );
#2886 = ADVANCED_FACE('',(#2887),#2375,.F.);
#2887 = FACE_BOUND('',#2888,.F.);
#2888 = EDGE_LOOP('',(#2889,#2890,#2891,#2892));
#2889 = ORIENTED_EDGE('',*,*,#2845,.F.);
#2890 = ORIENTED_EDGE('',*,*,#2575,.T.);
#2891 = ORIENTED_EDGE('',*,*,#2439,.T.);
#2892 = ORIENTED_EDGE('',*,*,#2359,.F.);
#2893 = ADVANCED_FACE('',(#2894),#2483,.T.);
#2894 = FACE_BOUND('',#2895,.T.);
#2895 = EDGE_LOOP('',(#2896,#2919,#2940,#2941,#2942,#3019));
#2896 = ORIENTED_EDGE('',*,*,#2897,.F.);
#2897 = EDGE_CURVE('',#2898,#2466,#2900,.T.);
#2898 = VERTEX_POINT('',#2899);
#2899 = CARTESIAN_POINT('',(19.5,-4.681778016906,23.378834291754));
#2900 = SURFACE_CURVE('',#2901,(#2905,#2912),.PCURVE_S1.);
#2901 = LINE('',#2902,#2903);
#2902 = CARTESIAN_POINT('',(19.5,-4.681778016906,23.378834291754));
#2903 = VECTOR('',#2904,1.);
#2904 = DIRECTION('',(1.,0.,0.));
#2905 = PCURVE('',#2483,#2906);
#2906 = DEFINITIONAL_REPRESENTATION('',(#2907),#2911);
#2907 = LINE('',#2908,#2909);
#2908 = CARTESIAN_POINT('',(0.,0.));
#2909 = VECTOR('',#2910,1.);
#2910 = DIRECTION('',(0.,1.));
#2911 = ( GEOMETRIC_REPRESENTATION_CONTEXT(2) 
PARAMETRIC_REPRESENTATION_CONTEXT() REPRESENTATION_CONTEXT('2D SPACE',''
  ) );
#2912 = PCURVE('',#2299,#2913);
#2913 = DEFINITIONAL_REPRESENTATION('',(#2914),#2918);
#2914 = LINE('',#2915,#2916);
#2915 = CARTESIAN_POINT('',(4.5,2.4));
#2916 = VECTOR('',#2917,1.);
#2917 = DIRECTION('',(1.,0.));
#2918 = ( GEOMETRIC_REPRESENTATION_CONTEXT(2) 
PARAMETRIC_REPRESENTATION_CONTEXT() REPRESENTATION_CONTEXT('2D SPACE',''
  ) );
#2919 = ORIENTED_EDGE('',*,*,#2920,.T.);
#2920 = EDGE_CURVE('',#2898,#2821,#2921,.T.);
#2921 = SURFACE_CURVE('',#2922,(#2926,#2933),.PCURVE_S1.);
#2922 = LINE('',#2923,#2924);
#2923 = CARTESIAN_POINT('',(19.5,-4.681778016906,23.378834291754));
#2924 = VECTOR('',#2925,1.);
#2925 = DIRECTION('',(0.,0.258819045103,0.965925826289));
#2926 = PCURVE('',#2483,#2927);
#2927 = DEFINITIONAL_REPRESENTATION('',(#2928),#2932);
#2928 = LINE('',#2929,#2930);
#2929 = CARTESIAN_POINT('',(0.,0.));
#2930 = VECTOR('',#2931,1.);
#2931 = DIRECTION('',(1.,0.));
#2932 = ( GEOMETRIC_REPRESENTATION_CONTEXT(2) 
PARAMETRIC_REPRESENTATION_CONTEXT() REPRESENTATION_CONTEXT('2D SPACE',''
  ) );
#2933 = PCURVE('',#2784,#2934);
#2934 = DEFINITIONAL_REPRESENTATION('',(#2935),#2939);
#2935 = LINE('',#2936,#2937);
#2936 = CARTESIAN_POINT('',(0.,-2.4));
#2937 = VECTOR('',#2938,1.);
#2938 = DIRECTION('',(1.,0.));
#2939 = ( GEOMETRIC_REPRESENTATION_CONTEXT(2) 
PARAMETRIC_REPRESENTATION_CONTEXT() REPRESENTATION_CONTEXT('2D SPACE',''
  ) );
#2940 = ORIENTED_EDGE('',*,*,#2866,.T.);
#2941 = ORIENTED_EDGE('',*,*,#2598,.F.);
#2942 = ORIENTED_EDGE('',*,*,#2943,.F.);
#2943 = EDGE_CURVE('',#2468,#2599,#2944,.T.);
#2944 = SURFACE_CURVE('',#2945,(#2950,#2957),.PCURVE_S1.);
#2945 = CIRCLE('',#2946,0.93674969976);
#2946 = AXIS2_PLACEMENT_3D('',#2947,#2948,#2949);
#2947 = CARTESIAN_POINT('',(22.2,-2.611225656086,31.106240902066));
#2948 = DIRECTION('',(-0.,0.965925826289,-0.258819045103));
#2949 = DIRECTION('',(0.,0.258819045103,0.965925826289));
#2950 = PCURVE('',#2483,#2951);
#2951 = DEFINITIONAL_REPRESENTATION('',(#2952),#2956);
#2952 = CIRCLE('',#2953,0.93674969976);
#2953 = AXIS2_PLACEMENT_2D('',#2954,#2955);
#2954 = CARTESIAN_POINT('',(8.,2.7));
#2955 = DIRECTION('',(1.,0.));
#2956 = ( GEOMETRIC_REPRESENTATION_CONTEXT(2) 
PARAMETRIC_REPRESENTATION_CONTEXT() REPRESENTATION_CONTEXT('2D SPACE',''
  ) );
#2957 = PCURVE('',#2636,#2958);
#2958 = DEFINITIONAL_REPRESENTATION('',(#2959),#3018);
#2959 = B_SPLINE_CURVE_WITH_KNOTS('',8,(#2960,#2961,#2962,#2963,#2964,
    #2965,#2966,#2967,#2968,#2969,#2970,#2971,#2972,#2973,#2974,#2975,
    #2976,#2977,#2978,#2979,#2980,#2981,#2982,#2983,#2984,#2985,#2986,
    #2987,#2988,#2989,#2990,#2991,#2992,#2993,#2994,#2995,#2996,#2997,
    #2998,#2999,#3000,#3001,#3002,#3003,#3004,#3005,#3006,#3007,#3008,
    #3009,#3010,#3011,#3012,#3013,#3014,#3015,#3016,#3017),
  .UNSPECIFIED.,.F.,.F.,(9,7,7,7,7,7,7,7,9),(2.578551331868,
    3.112010743997,3.57878772961,4.395647454433,5.00829224805,
    5.467775843263,6.157001236082,6.501613932492,6.846226628902),
  .UNSPECIFIED.);
#2960 = CARTESIAN_POINT('',(0.982793723247,-0.720984022778));
#2961 = CARTESIAN_POINT('',(1.031552876362,-0.757972777852));
#2962 = CARTESIAN_POINT('',(1.086279334545,-0.791869731454));
#2963 = CARTESIAN_POINT('',(1.147378353558,-0.822099604108));
#2964 = CARTESIAN_POINT('',(1.215021872926,-0.847996915481));
#2965 = CARTESIAN_POINT('',(1.289070801828,-0.868834090936));
#2966 = CARTESIAN_POINT('',(1.368370048287,-0.883863628074));
#2967 = CARTESIAN_POINT('',(1.450734288468,-0.89265679695));
#2968 = CARTESIAN_POINT('',(1.606615086248,-0.897272540602));
#2969 = CARTESIAN_POINT('',(1.679949581961,-0.894579005106));
#2970 = CARTESIAN_POINT('',(1.752333612292,-0.886975442354));
#2971 = CARTESIAN_POINT('',(1.822123196905,-0.874593103605));
#2972 = CARTESIAN_POINT('',(1.887966061303,-0.857794335438));
#2973 = CARTESIAN_POINT('',(1.949227759985,-0.837043419892));
#2974 = CARTESIAN_POINT('',(2.005645520592,-0.812808296613));
#2975 = CARTESIAN_POINT('',(2.147525627891,-0.737798417383));
#2976 = CARTESIAN_POINT('',(2.223037359129,-0.680750656262));
#2977 = CARTESIAN_POINT('',(2.283838909879,-0.616763056074));
#2978 = CARTESIAN_POINT('',(2.332606765914,-0.547938385163));
#2979 = CARTESIAN_POINT('',(2.37143808818,-0.475527640961));
#2980 = CARTESIAN_POINT('',(2.401844503803,-0.400536579514));
#2981 = CARTESIAN_POINT('',(2.424946094147,-0.323690298573));
#2982 = CARTESIAN_POINT('',(2.453806448474,-0.187039964316));
#2983 = CARTESIAN_POINT('',(2.462457496741,-0.127778211217));
#2984 = CARTESIAN_POINT('',(2.467687064847,-6.807648700598E-02));
#2985 = CARTESIAN_POINT('',(2.469665038644,-8.154236199497E-03));
#2986 = CARTESIAN_POINT('',(2.468452013217,5.178846134205E-02));
#2987 = CARTESIAN_POINT('',(2.464005334759,0.111552595846));
#2988 = CARTESIAN_POINT('',(2.456174166105,0.17092218234));
#2989 = CARTESIAN_POINT('',(2.436065633264,0.273689676375));
#2990 = CARTESIAN_POINT('',(2.42538957665,0.317369812132));
#2991 = CARTESIAN_POINT('',(2.412538082988,0.360580673004));
#2992 = CARTESIAN_POINT('',(2.397358400954,0.403204335622));
#2993 = CARTESIAN_POINT('',(2.379652688062,0.445105783827));
#2994 = CARTESIAN_POINT('',(2.359175243327,0.486125940368));
#2995 = CARTESIAN_POINT('',(2.335636635536,0.526073098646));
#2996 = CARTESIAN_POINT('',(2.268331864444,0.622672238271));
#2997 = CARTESIAN_POINT('',(2.220336473007,0.677689030426));
#2998 = CARTESIAN_POINT('',(2.163657731333,0.728979816789));
#2999 = CARTESIAN_POINT('',(2.097029199172,0.775508803287));
#3000 = CARTESIAN_POINT('',(2.019442801622,0.816068630168));
#3001 = CARTESIAN_POINT('',(1.929857156777,0.84890765579));
#3002 = CARTESIAN_POINT('',(1.830882411911,0.872417293797));
#3003 = CARTESIAN_POINT('',(1.674618664558,0.892484010497));
#3004 = CARTESIAN_POINT('',(1.621230758911,0.896639651074));
#3005 = CARTESIAN_POINT('',(1.56706702453,0.898161021825));
#3006 = CARTESIAN_POINT('',(1.512756902586,0.896992958005));
#3007 = CARTESIAN_POINT('',(1.458982042886,0.893146180168));
#3008 = CARTESIAN_POINT('',(1.406371139875,0.886696158884));
#3009 = CARTESIAN_POINT('',(1.355415220622,0.877767935254));
#3010 = CARTESIAN_POINT('',(1.257536638152,0.855260131772));
#3011 = CARTESIAN_POINT('',(1.210612868223,0.841680642837));
#3012 = CARTESIAN_POINT('',(1.166069722019,0.82592818731));
#3013 = CARTESIAN_POINT('',(1.124124492965,0.808185067224));
#3014 = CARTESIAN_POINT('',(1.084865984397,0.788641888181));
#3015 = CARTESIAN_POINT('',(1.048281562843,0.767482979744));
#3016 = CARTESIAN_POINT('',(1.014291945694,0.744878614068));
#3017 = CARTESIAN_POINT('',(0.982793723247,0.720984022778));
#3018 = ( GEOMETRIC_REPRESENTATION_CONTEXT(2) 
PARAMETRIC_REPRESENTATION_CONTEXT() REPRESENTATION_CONTEXT('2D SPACE',''
  ) );
#3019 = ORIENTED_EDGE('',*,*,#2465,.F.);
#3020 = ADVANCED_FACE('',(#3021),#2636,.T.);
#3021 = FACE_BOUND('',#3022,.T.);
#3022 = EDGE_LOOP('',(#3023,#3024));
#3023 = ORIENTED_EDGE('',*,*,#2621,.F.);
#3024 = ORIENTED_EDGE('',*,*,#2943,.T.);
#3025 = ADVANCED_FACE('',(#3026),#2299,.T.);
#3026 = FACE_BOUND('',#3027,.T.);
#3027 = EDGE_LOOP('',(#3028,#3051,#3052,#3073,#3074,#3075,#3076,#3077));
#3028 = ORIENTED_EDGE('',*,*,#3029,.F.);
#3029 = EDGE_CURVE('',#2718,#3030,#3032,.T.);
#3030 = VERTEX_POINT('',#3031);
#3031 = CARTESIAN_POINT('',(15.,13.381034934699,18.538918148337));
#3032 = SURFACE_CURVE('',#3033,(#3037,#3044),.PCURVE_S1.);
#3033 = LINE('',#3034,#3035);
#3034 = CARTESIAN_POINT('',(15.,-7.,24.));
#3035 = VECTOR('',#3036,1.);
#3036 = DIRECTION('',(0.,0.965925826289,-0.258819045103));
#3037 = PCURVE('',#2299,#3038);
#3038 = DEFINITIONAL_REPRESENTATION('',(#3039),#3043);
#3039 = LINE('',#3040,#3041);
#3040 = CARTESIAN_POINT('',(0.,0.));
#3041 = VECTOR('',#3042,1.);
#3042 = DIRECTION('',(0.,1.));
#3043 = ( GEOMETRIC_REPRESENTATION_CONTEXT(2) 
PARAMETRIC_REPRESENTATION_CONTEXT() REPRESENTATION_CONTEXT('2D SPACE',''
  ) );
#3044 = PCURVE('',#2733,#3045);
#3045 = DEFINITIONAL_REPRESENTATION('',(#3046),#3050);
#3046 = LINE('',#3047,#3048);
#3047 = CARTESIAN_POINT('',(25.,-17.));
#3048 = VECTOR('',#3049,1.);
#3049 = DIRECTION('',(-0.258819045103,-0.965925826289));
#3050 = ( GEOMETRIC_REPRESENTATION_CONTEXT(2) 
PARAMETRIC_REPRESENTATION_CONTEXT() REPRESENTATION_CONTEXT('2D SPACE',''
  ) );
#3051 = ORIENTED_EDGE('',*,*,#2745,.T.);
#3052 = ORIENTED_EDGE('',*,*,#3053,.T.);
#3053 = EDGE_CURVE('',#2746,#2898,#3054,.T.);
#3054 = SURFACE_CURVE('',#3055,(#3059,#3066),.PCURVE_S1.);
#3055 = LINE('',#3056,#3057);
#3056 = CARTESIAN_POINT('',(19.5,-7.,24.));
#3057 = VECTOR('',#3058,1.);
#3058 = DIRECTION('',(0.,0.965925826289,-0.258819045103));
#3059 = PCURVE('',#2299,#3060);
#3060 = DEFINITIONAL_REPRESENTATION('',(#3061),#3065);
#3061 = LINE('',#3062,#3063);
#3062 = CARTESIAN_POINT('',(4.5,0.));
#3063 = VECTOR('',#3064,1.);
#3064 = DIRECTION('',(0.,1.));
#3065 = ( GEOMETRIC_REPRESENTATION_CONTEXT(2) 
PARAMETRIC_REPRESENTATION_CONTEXT() REPRESENTATION_CONTEXT('2D SPACE',''
  ) );
#3066 = PCURVE('',#2784,#3067);
#3067 = DEFINITIONAL_REPRESENTATION('',(#3068),#3072);
#3068 = LINE('',#3069,#3070);
#3069 = CARTESIAN_POINT('',(0.,0.));
#3070 = VECTOR('',#3071,1.);
#3071 = DIRECTION('',(0.,-1.));
#3072 = ( GEOMETRIC_REPRESENTATION_CONTEXT(2) 
PARAMETRIC_REPRESENTATION_CONTEXT() REPRESENTATION_CONTEXT('2D SPACE',''
  ) );
#3073 = ORIENTED_EDGE('',*,*,#2897,.T.);
#3074 = ORIENTED_EDGE('',*,*,#2495,.T.);
#3075 = ORIENTED_EDGE('',*,*,#2668,.T.);
#3076 = ORIENTED_EDGE('',*,*,#2283,.T.);
#3077 = ORIENTED_EDGE('',*,*,#3078,.F.);
#3078 = EDGE_CURVE('',#3030,#2256,#3079,.T.);
#3079 = SURFACE_CURVE('',#3080,(#3084,#3091),.PCURVE_S1.);
#3080 = LINE('',#3081,#3082);
#3081 = CARTESIAN_POINT('',(15.,13.381034934699,18.538918148337));
#3082 = VECTOR('',#3083,1.);
#3083 = DIRECTION('',(1.,0.,0.));
#3084 = PCURVE('',#2299,#3085);
#3085 = DEFINITIONAL_REPRESENTATION('',(#3086),#3090);
#3086 = LINE('',#3087,#3088);
#3087 = CARTESIAN_POINT('',(0.,21.1));
#3088 = VECTOR('',#3089,1.);
#3089 = DIRECTION('',(1.,0.));
#3090 = ( GEOMETRIC_REPRESENTATION_CONTEXT(2) 
PARAMETRIC_REPRESENTATION_CONTEXT() REPRESENTATION_CONTEXT('2D SPACE',''
  ) );
#3091 = PCURVE('',#2271,#3092);
#3092 = DEFINITIONAL_REPRESENTATION('',(#3093),#3097);
#3093 = LINE('',#3094,#3095);
#3094 = CARTESIAN_POINT('',(35.,0.));
#3095 = VECTOR('',#3096,1.);
#3096 = DIRECTION('',(0.,1.));
#3097 = ( GEOMETRIC_REPRESENTATION_CONTEXT(2) 
PARAMETRIC_REPRESENTATION_CONTEXT() REPRESENTATION_CONTEXT('2D SPACE',''
  ) );
#3098 = ADVANCED_FACE('',(#3099),#2784,.F.);
#3099 = FACE_BOUND('',#3100,.F.);
#3100 = EDGE_LOOP('',(#3101,#3102,#3103,#3104));
#3101 = ORIENTED_EDGE('',*,*,#2768,.F.);
#3102 = ORIENTED_EDGE('',*,*,#3053,.T.);
#3103 = ORIENTED_EDGE('',*,*,#2920,.T.);
#3104 = ORIENTED_EDGE('',*,*,#2820,.F.);
#3105 = ADVANCED_FACE('',(#3106),#2271,.T.);
#3106 = FACE_BOUND('',#3107,.T.);
#3107 = EDGE_LOOP('',(#3108,#3109,#3131,#3152));
#3108 = ORIENTED_EDGE('',*,*,#2255,.F.);
#3109 = ORIENTED_EDGE('',*,*,#3110,.T.);
#3110 = EDGE_CURVE('',#2229,#3111,#3113,.T.);
#3111 = VERTEX_POINT('',#3112);
#3112 = CARTESIAN_POINT('',(15.,9.48534355803,4.));
#3113 = SURFACE_CURVE('',#3114,(#3118,#3125),.PCURVE_S1.);
#3114 = LINE('',#3115,#3116);
#3115 = CARTESIAN_POINT('',(7.5,9.48534355803,4.));
#3116 = VECTOR('',#3117,1.);
#3117 = DIRECTION('',(-1.,0.,0.));
#3118 = PCURVE('',#2271,#3119);
#3119 = DEFINITIONAL_REPRESENTATION('',(#3120),#3124);
#3120 = LINE('',#3121,#3122);
#3121 = CARTESIAN_POINT('',(19.948204352095,-7.5));
#3122 = VECTOR('',#3123,1.);
#3123 = DIRECTION('',(0.,-1.));
#3124 = ( GEOMETRIC_REPRESENTATION_CONTEXT(2) 
PARAMETRIC_REPRESENTATION_CONTEXT() REPRESENTATION_CONTEXT('2D SPACE',''
  ) );
#3125 = PCURVE('',#2244,#3126);
#3126 = DEFINITIONAL_REPRESENTATION('',(#3127),#3130);
#3127 = B_SPLINE_CURVE_WITH_KNOTS('',1,(#3128,#3129),.UNSPECIFIED.,.F.,
  .F.,(2,2),(-17.4,-7.5),.PIECEWISE_BEZIER_KNOTS.);
#3128 = CARTESIAN_POINT('',(24.9,1.48534355803));
#3129 = CARTESIAN_POINT('',(15.,1.48534355803));
#3130 = ( GEOMETRIC_REPRESENTATION_CONTEXT(2) 
PARAMETRIC_REPRESENTATION_CONTEXT() REPRESENTATION_CONTEXT('2D SPACE',''
  ) );
#3131 = ORIENTED_EDGE('',*,*,#3132,.T.);
#3132 = EDGE_CURVE('',#3111,#3030,#3133,.T.);
#3133 = SURFACE_CURVE('',#3134,(#3138,#3145),.PCURVE_S1.);
#3134 = LINE('',#3135,#3136);
#3135 = CARTESIAN_POINT('',(15.,9.48534355803,4.));
#3136 = VECTOR('',#3137,1.);
#3137 = DIRECTION('',(1.180162740017E-16,0.258819045103,0.965925826289)
  );
#3138 = PCURVE('',#2271,#3139);
#3139 = DEFINITIONAL_REPRESENTATION('',(#3140),#3144);
#3140 = LINE('',#3141,#3142);
#3141 = CARTESIAN_POINT('',(19.948204352095,-1.7763568394E-15));
#3142 = VECTOR('',#3143,1.);
#3143 = DIRECTION('',(1.,1.180162740017E-16));
#3144 = ( GEOMETRIC_REPRESENTATION_CONTEXT(2) 
PARAMETRIC_REPRESENTATION_CONTEXT() REPRESENTATION_CONTEXT('2D SPACE',''
  ) );
#3145 = PCURVE('',#2733,#3146);
#3146 = DEFINITIONAL_REPRESENTATION('',(#3147),#3151);
#3147 = LINE('',#3148,#3149);
#3148 = CARTESIAN_POINT('',(5.,-33.48534355803));
#3149 = VECTOR('',#3150,1.);
#3150 = DIRECTION('',(0.965925826289,-0.258819045103));
#3151 = ( GEOMETRIC_REPRESENTATION_CONTEXT(2) 
PARAMETRIC_REPRESENTATION_CONTEXT() REPRESENTATION_CONTEXT('2D SPACE',''
  ) );
#3152 = ORIENTED_EDGE('',*,*,#3078,.T.);
#3153 = ADVANCED_FACE('',(#3154),#2733,.F.);
#3154 = FACE_BOUND('',#3155,.F.);
#3155 = EDGE_LOOP('',(#3156,#3157,#3179,#3206,#3233,#3260,#3280,#3281));
#3156 = ORIENTED_EDGE('',*,*,#2717,.T.);
#3157 = ORIENTED_EDGE('',*,*,#3158,.F.);
#3158 = EDGE_CURVE('',#3159,#2696,#3161,.T.);
#3159 = VERTEX_POINT('',#3160);
#3160 = CARTESIAN_POINT('',(15.,-23.,4.));
#3161 = SURFACE_CURVE('',#3162,(#3166,#3173),.PCURVE_S1.);
#3162 = LINE('',#3163,#3164);
#3163 = CARTESIAN_POINT('',(15.,-8.,4.));
#3164 = VECTOR('',#3165,1.);
#3165 = DIRECTION('',(0.,1.,0.));
#3166 = PCURVE('',#2733,#3167);
#3167 = DEFINITIONAL_REPRESENTATION('',(#3168),#3172);
#3168 = LINE('',#3169,#3170);
#3169 = CARTESIAN_POINT('',(5.,-16.));
#3170 = VECTOR('',#3171,1.);
#3171 = DIRECTION('',(0.,-1.));
#3172 = ( GEOMETRIC_REPRESENTATION_CONTEXT(2) 
PARAMETRIC_REPRESENTATION_CONTEXT() REPRESENTATION_CONTEXT('2D SPACE',''
  ) );
#3173 = PCURVE('',#2244,#3174);
#3174 = DEFINITIONAL_REPRESENTATION('',(#3175),#3178);
#3175 = B_SPLINE_CURVE_WITH_KNOTS('',1,(#3176,#3177),.UNSPECIFIED.,.F.,
  .F.,(2,2),(-15.,47.),.PIECEWISE_BEZIER_KNOTS.);
#3176 = CARTESIAN_POINT('',(15.,-31.));
#3177 = CARTESIAN_POINT('',(15.,31.));
#3178 = ( GEOMETRIC_REPRESENTATION_CONTEXT(2) 
PARAMETRIC_REPRESENTATION_CONTEXT() REPRESENTATION_CONTEXT('2D SPACE',''
  ) );
#3179 = ORIENTED_EDGE('',*,*,#3180,.T.);
#3180 = EDGE_CURVE('',#3159,#3181,#3183,.T.);
#3181 = VERTEX_POINT('',#3182);
#3182 = CARTESIAN_POINT('',(15.,-23.,0.));
#3183 = SURFACE_CURVE('',#3184,(#3188,#3195),.PCURVE_S1.);
#3184 = LINE('',#3185,#3186);
#3185 = CARTESIAN_POINT('',(15.,-23.,-0.5));
#3186 = VECTOR('',#3187,1.);
#3187 = DIRECTION('',(0.,0.,-1.));
#3188 = PCURVE('',#2733,#3189);
#3189 = DEFINITIONAL_REPRESENTATION('',(#3190),#3194);
#3190 = LINE('',#3191,#3192);
#3191 = CARTESIAN_POINT('',(0.5,-1.));
#3192 = VECTOR('',#3193,1.);
#3193 = DIRECTION('',(-1.,0.));
#3194 = ( GEOMETRIC_REPRESENTATION_CONTEXT(2) 
PARAMETRIC_REPRESENTATION_CONTEXT() REPRESENTATION_CONTEXT('2D SPACE',''
  ) );
#3195 = PCURVE('',#3196,#3201);
#3196 = PLANE('',#3197);
#3197 = AXIS2_PLACEMENT_3D('',#3198,#3199,#3200);
#3198 = CARTESIAN_POINT('',(-30.,-23.,0.));
#3199 = DIRECTION('',(0.,1.,0.));
#3200 = DIRECTION('',(1.,0.,0.));
#3201 = DEFINITIONAL_REPRESENTATION('',(#3202),#3205);
#3202 = B_SPLINE_CURVE_WITH_KNOTS('',1,(#3203,#3204),.UNSPECIFIED.,.F.,
  .F.,(2,2),(-4.5,-0.5),.PIECEWISE_BEZIER_KNOTS.);
#3203 = CARTESIAN_POINT('',(45.,-4.));
#3204 = CARTESIAN_POINT('',(45.,0.));
#3205 = ( GEOMETRIC_REPRESENTATION_CONTEXT(2) 
PARAMETRIC_REPRESENTATION_CONTEXT() REPRESENTATION_CONTEXT('2D SPACE',''
  ) );
#3206 = ORIENTED_EDGE('',*,*,#3207,.T.);
#3207 = EDGE_CURVE('',#3181,#3208,#3210,.T.);
#3208 = VERTEX_POINT('',#3209);
#3209 = CARTESIAN_POINT('',(15.,39.,0.));
#3210 = SURFACE_CURVE('',#3211,(#3215,#3222),.PCURVE_S1.);
#3211 = LINE('',#3212,#3213);
#3212 = CARTESIAN_POINT('',(15.,-8.,0.));
#3213 = VECTOR('',#3214,1.);
#3214 = DIRECTION('',(0.,1.,0.));
#3215 = PCURVE('',#2733,#3216);
#3216 = DEFINITIONAL_REPRESENTATION('',(#3217),#3221);
#3217 = LINE('',#3218,#3219);
#3218 = CARTESIAN_POINT('',(1.,-16.));
#3219 = VECTOR('',#3220,1.);
#3220 = DIRECTION('',(0.,-1.));
#3221 = ( GEOMETRIC_REPRESENTATION_CONTEXT(2) 
PARAMETRIC_REPRESENTATION_CONTEXT() REPRESENTATION_CONTEXT('2D SPACE',''
  ) );
#3222 = PCURVE('',#3223,#3228);
#3223 = PLANE('',#3224);
#3224 = AXIS2_PLACEMENT_3D('',#3225,#3226,#3227);
#3225 = CARTESIAN_POINT('',(0.,8.,0.));
#3226 = DIRECTION('',(0.,0.,1.));
#3227 = DIRECTION('',(1.,0.,0.));
#3228 = DEFINITIONAL_REPRESENTATION('',(#3229),#3232);
#3229 = B_SPLINE_CURVE_WITH_KNOTS('',1,(#3230,#3231),.UNSPECIFIED.,.F.,
  .F.,(2,2),(-15.,47.),.PIECEWISE_BEZIER_KNOTS.);
#3230 = CARTESIAN_POINT('',(15.,-31.));
#3231 = CARTESIAN_POINT('',(15.,31.));
#3232 = ( GEOMETRIC_REPRESENTATION_CONTEXT(2) 
PARAMETRIC_REPRESENTATION_CONTEXT() REPRESENTATION_CONTEXT('2D SPACE',''
  ) );
#3233 = ORIENTED_EDGE('',*,*,#3234,.F.);
#3234 = EDGE_CURVE('',#3235,#3208,#3237,.T.);
#3235 = VERTEX_POINT('',#3236);
#3236 = CARTESIAN_POINT('',(15.,39.,4.));
#3237 = SURFACE_CURVE('',#3238,(#3242,#3249),.PCURVE_S1.);
#3238 = LINE('',#3239,#3240);
#3239 = CARTESIAN_POINT('',(15.,39.,-0.5));
#3240 = VECTOR('',#3241,1.);
#3241 = DIRECTION('',(0.,0.,-1.));
#3242 = PCURVE('',#2733,#3243);
#3243 = DEFINITIONAL_REPRESENTATION('',(#3244),#3248);
#3244 = LINE('',#3245,#3246);
#3245 = CARTESIAN_POINT('',(0.5,-63.));
#3246 = VECTOR('',#3247,1.);
#3247 = DIRECTION('',(-1.,0.));
#3248 = ( GEOMETRIC_REPRESENTATION_CONTEXT(2) 
PARAMETRIC_REPRESENTATION_CONTEXT() REPRESENTATION_CONTEXT('2D SPACE',''
  ) );
#3249 = PCURVE('',#3250,#3255);
#3250 = PLANE('',#3251);
#3251 = AXIS2_PLACEMENT_3D('',#3252,#3253,#3254);
#3252 = CARTESIAN_POINT('',(-30.,39.,0.));
#3253 = DIRECTION('',(0.,1.,0.));
#3254 = DIRECTION('',(1.,0.,0.));
#3255 = DEFINITIONAL_REPRESENTATION('',(#3256),#3259);
#3256 = B_SPLINE_CURVE_WITH_KNOTS('',1,(#3257,#3258),.UNSPECIFIED.,.F.,
  .F.,(2,2),(-4.5,-0.5),.PIECEWISE_BEZIER_KNOTS.);
#3257 = CARTESIAN_POINT('',(45.,-4.));
#3258 = CARTESIAN_POINT('',(45.,0.));
#3259 = ( GEOMETRIC_REPRESENTATION_CONTEXT(2) 
PARAMETRIC_REPRESENTATION_CONTEXT() REPRESENTATION_CONTEXT('2D SPACE',''
  ) );
#3260 = ORIENTED_EDGE('',*,*,#3261,.F.);
#3261 = EDGE_CURVE('',#3111,#3235,#3262,.T.);
#3262 = SURFACE_CURVE('',#3263,(#3267,#3274),.PCURVE_S1.);
#3263 = LINE('',#3264,#3265);
#3264 = CARTESIAN_POINT('',(15.,-8.,4.));
#3265 = VECTOR('',#3266,1.);
#3266 = DIRECTION('',(0.,1.,0.));
#3267 = PCURVE('',#2733,#3268);
#3268 = DEFINITIONAL_REPRESENTATION('',(#3269),#3273);
#3269 = LINE('',#3270,#3271);
#3270 = CARTESIAN_POINT('',(5.,-16.));
#3271 = VECTOR('',#3272,1.);
#3272 = DIRECTION('',(0.,-1.));
#3273 = ( GEOMETRIC_REPRESENTATION_CONTEXT(2) 
PARAMETRIC_REPRESENTATION_CONTEXT() REPRESENTATION_CONTEXT('2D SPACE',''
  ) );
#3274 = PCURVE('',#2244,#3275);
#3275 = DEFINITIONAL_REPRESENTATION('',(#3276),#3279);
#3276 = B_SPLINE_CURVE_WITH_KNOTS('',1,(#3277,#3278),.UNSPECIFIED.,.F.,
  .F.,(2,2),(-15.,47.),.PIECEWISE_BEZIER_KNOTS.);
#3277 = CARTESIAN_POINT('',(15.,-31.));
#3278 = CARTESIAN_POINT('',(15.,31.));
#3279 = ( GEOMETRIC_REPRESENTATION_CONTEXT(2) 
PARAMETRIC_REPRESENTATION_CONTEXT() REPRESENTATION_CONTEXT('2D SPACE',''
  ) );
#3280 = ORIENTED_EDGE('',*,*,#3132,.T.);
#3281 = ORIENTED_EDGE('',*,*,#3029,.F.);
#3282 = ADVANCED_FACE('',(#3283),#2244,.T.);
#3283 = FACE_BOUND('',#3284,.T.);
#3284 = EDGE_LOOP('',(#3285,#3286,#3309,#3338,#3366,#3395,#3416,#3417,
    #3418,#3419));
#3285 = ORIENTED_EDGE('',*,*,#3158,.F.);
#3286 = ORIENTED_EDGE('',*,*,#3287,.T.);
#3287 = EDGE_CURVE('',#3159,#3288,#3290,.T.);
#3288 = VERTEX_POINT('',#3289);
#3289 = CARTESIAN_POINT('',(30.,-23.,4.));
#3290 = SURFACE_CURVE('',#3291,(#3295,#3302),.PCURVE_S1.);
#3291 = LINE('',#3292,#3293);
#3292 = CARTESIAN_POINT('',(0.,-23.,4.));
#3293 = VECTOR('',#3294,1.);
#3294 = DIRECTION('',(1.,0.,0.));
#3295 = PCURVE('',#2244,#3296);
#3296 = DEFINITIONAL_REPRESENTATION('',(#3297),#3301);
#3297 = LINE('',#3298,#3299);
#3298 = CARTESIAN_POINT('',(0.,-31.));
#3299 = VECTOR('',#3300,1.);
#3300 = DIRECTION('',(1.,0.));
#3301 = ( GEOMETRIC_REPRESENTATION_CONTEXT(2) 
PARAMETRIC_REPRESENTATION_CONTEXT() REPRESENTATION_CONTEXT('2D SPACE',''
  ) );
#3302 = PCURVE('',#3196,#3303);
#3303 = DEFINITIONAL_REPRESENTATION('',(#3304),#3308);
#3304 = LINE('',#3305,#3306);
#3305 = CARTESIAN_POINT('',(30.,-4.));
#3306 = VECTOR('',#3307,1.);
#3307 = DIRECTION('',(1.,0.));
#3308 = ( GEOMETRIC_REPRESENTATION_CONTEXT(2) 
PARAMETRIC_REPRESENTATION_CONTEXT() REPRESENTATION_CONTEXT('2D SPACE',''
  ) );
#3309 = ORIENTED_EDGE('',*,*,#3310,.T.);
#3310 = EDGE_CURVE('',#3288,#3311,#3313,.T.);
#3311 = VERTEX_POINT('',#3312);
#3312 = CARTESIAN_POINT('',(38.,-15.,4.));
#3313 = SURFACE_CURVE('',#3314,(#3319,#3326),.PCURVE_S1.);
#3314 = CIRCLE('',#3315,8.);
#3315 = AXIS2_PLACEMENT_3D('',#3316,#3317,#3318);
#3316 = CARTESIAN_POINT('',(30.,-15.,4.));
#3317 = DIRECTION('',(0.,0.,1.));
#3318 = DIRECTION('',(1.,0.,0.));
#3319 = PCURVE('',#2244,#3320);
#3320 = DEFINITIONAL_REPRESENTATION('',(#3321),#3325);
#3321 = CIRCLE('',#3322,8.);
#3322 = AXIS2_PLACEMENT_2D('',#3323,#3324);
#3323 = CARTESIAN_POINT('',(30.,-23.));
#3324 = DIRECTION('',(1.,0.));
#3325 = ( GEOMETRIC_REPRESENTATION_CONTEXT(2) 
PARAMETRIC_REPRESENTATION_CONTEXT() REPRESENTATION_CONTEXT('2D SPACE',''
  ) );
#3326 = PCURVE('',#3327,#3332);
#3327 = CYLINDRICAL_SURFACE('',#3328,8.);
#3328 = AXIS2_PLACEMENT_3D('',#3329,#3330,#3331);
#3329 = CARTESIAN_POINT('',(30.,-15.,0.));
#3330 = DIRECTION('',(-0.,-0.,-1.));
#3331 = DIRECTION('',(1.,0.,0.));
#3332 = DEFINITIONAL_REPRESENTATION('',(#3333),#3337);
#3333 = LINE('',#3334,#3335);
#3334 = CARTESIAN_POINT('',(-0.,-4.));
#3335 = VECTOR('',#3336,1.);
#3336 = DIRECTION('',(-1.,0.));
#3337 = ( GEOMETRIC_REPRESENTATION_CONTEXT(2) 
PARAMETRIC_REPRESENTATION_CONTEXT() REPRESENTATION_CONTEXT('2D SPACE',''
  ) );
#3338 = ORIENTED_EDGE('',*,*,#3339,.T.);
#3339 = EDGE_CURVE('',#3311,#3340,#3342,.T.);
#3340 = VERTEX_POINT('',#3341);
#3341 = CARTESIAN_POINT('',(38.,31.,4.));
#3342 = SURFACE_CURVE('',#3343,(#3347,#3354),.PCURVE_S1.);
#3343 = LINE('',#3344,#3345);
#3344 = CARTESIAN_POINT('',(38.,8.,4.));
#3345 = VECTOR('',#3346,1.);
#3346 = DIRECTION('',(0.,1.,0.));
#3347 = PCURVE('',#2244,#3348);
#3348 = DEFINITIONAL_REPRESENTATION('',(#3349),#3353);
#3349 = LINE('',#3350,#3351);
#3350 = CARTESIAN_POINT('',(38.,0.));
#3351 = VECTOR('',#3352,1.);
#3352 = DIRECTION('',(0.,1.));
#3353 = ( GEOMETRIC_REPRESENTATION_CONTEXT(2) 
PARAMETRIC_REPRESENTATION_CONTEXT() REPRESENTATION_CONTEXT('2D SPACE',''
  ) );
#3354 = PCURVE('',#3355,#3360);
#3355 = PLANE('',#3356);
#3356 = AXIS2_PLACEMENT_3D('',#3357,#3358,#3359);
#3357 = CARTESIAN_POINT('',(38.,-15.,0.));
#3358 = DIRECTION('',(-1.,0.,0.));
#3359 = DIRECTION('',(0.,1.,0.));
#3360 = DEFINITIONAL_REPRESENTATION('',(#3361),#3365);
#3361 = LINE('',#3362,#3363);
#3362 = CARTESIAN_POINT('',(23.,-4.));
#3363 = VECTOR('',#3364,1.);
#3364 = DIRECTION('',(1.,0.));
#3365 = ( GEOMETRIC_REPRESENTATION_CONTEXT(2) 
PARAMETRIC_REPRESENTATION_CONTEXT() REPRESENTATION_CONTEXT('2D SPACE',''
  ) );
#3366 = ORIENTED_EDGE('',*,*,#3367,.T.);
#3367 = EDGE_CURVE('',#3340,#3368,#3370,.T.);
#3368 = VERTEX_POINT('',#3369);
#3369 = CARTESIAN_POINT('',(30.,39.,4.));
#3370 = SURFACE_CURVE('',#3371,(#3376,#3383),.PCURVE_S1.);
#3371 = CIRCLE('',#3372,8.);
#3372 = AXIS2_PLACEMENT_3D('',#3373,#3374,#3375);
#3373 = CARTESIAN_POINT('',(30.,31.,4.));
#3374 = DIRECTION('',(0.,0.,1.));
#3375 = DIRECTION('',(1.,0.,0.));
#3376 = PCURVE('',#2244,#3377);
#3377 = DEFINITIONAL_REPRESENTATION('',(#3378),#3382);
#3378 = CIRCLE('',#3379,8.);
#3379 = AXIS2_PLACEMENT_2D('',#3380,#3381);
#3380 = CARTESIAN_POINT('',(30.,23.));
#3381 = DIRECTION('',(1.,0.));
#3382 = ( GEOMETRIC_REPRESENTATION_CONTEXT(2) 
PARAMETRIC_REPRESENTATION_CONTEXT() REPRESENTATION_CONTEXT('2D SPACE',''
  ) );
#3383 = PCURVE('',#3384,#3389);
#3384 = CYLINDRICAL_SURFACE('',#3385,8.);
#3385 = AXIS2_PLACEMENT_3D('',#3386,#3387,#3388);
#3386 = CARTESIAN_POINT('',(30.,31.,0.));
#3387 = DIRECTION('',(-0.,-0.,-1.));
#3388 = DIRECTION('',(1.,0.,0.));
#3389 = DEFINITIONAL_REPRESENTATION('',(#3390),#3394);
#3390 = LINE('',#3391,#3392);
#3391 = CARTESIAN_POINT('',(-0.,-4.));
#3392 = VECTOR('',#3393,1.);
#3393 = DIRECTION('',(-1.,0.));
#3394 = ( GEOMETRIC_REPRESENTATION_CONTEXT(2) 
PARAMETRIC_REPRESENTATION_CONTEXT() REPRESENTATION_CONTEXT('2D SPACE',''
  ) );
#3395 = ORIENTED_EDGE('',*,*,#3396,.F.);
#3396 = EDGE_CURVE('',#3235,#3368,#3397,.T.);
#3397 = SURFACE_CURVE('',#3398,(#3402,#3409),.PCURVE_S1.);
#3398 = LINE('',#3399,#3400);
#3399 = CARTESIAN_POINT('',(0.,39.,4.));
#3400 = VECTOR('',#3401,1.);
#3401 = DIRECTION('',(1.,0.,0.));
#3402 = PCURVE('',#2244,#3403);
#3403 = DEFINITIONAL_REPRESENTATION('',(#3404),#3408);
#3404 = LINE('',#3405,#3406);
#3405 = CARTESIAN_POINT('',(0.,31.));
#3406 = VECTOR('',#3407,1.);
#3407 = DIRECTION('',(1.,0.));
#3408 = ( GEOMETRIC_REPRESENTATION_CONTEXT(2) 
PARAMETRIC_REPRESENTATION_CONTEXT() REPRESENTATION_CONTEXT('2D SPACE',''
  ) );
#3409 = PCURVE('',#3250,#3410);
#3410 = DEFINITIONAL_REPRESENTATION('',(#3411),#3415);
#3411 = LINE('',#3412,#3413);
#3412 = CARTESIAN_POINT('',(30.,-4.));
#3413 = VECTOR('',#3414,1.);
#3414 = DIRECTION('',(1.,0.));
#3415 = ( GEOMETRIC_REPRESENTATION_CONTEXT(2) 
PARAMETRIC_REPRESENTATION_CONTEXT() REPRESENTATION_CONTEXT('2D SPACE',''
  ) );
#3416 = ORIENTED_EDGE('',*,*,#3261,.F.);
#3417 = ORIENTED_EDGE('',*,*,#3110,.F.);
#3418 = ORIENTED_EDGE('',*,*,#2228,.F.);
#3419 = ORIENTED_EDGE('',*,*,#2695,.T.);
#3420 = ADVANCED_FACE('',(#3421),#3250,.T.);
#3421 = FACE_BOUND('',#3422,.T.);
#3422 = EDGE_LOOP('',(#3423,#3446,#3447,#3448));
#3423 = ORIENTED_EDGE('',*,*,#3424,.F.);
#3424 = EDGE_CURVE('',#3208,#3425,#3427,.T.);
#3425 = VERTEX_POINT('',#3426);
#3426 = CARTESIAN_POINT('',(30.,39.,0.));
#3427 = SURFACE_CURVE('',#3428,(#3432,#3439),.PCURVE_S1.);
#3428 = LINE('',#3429,#3430);
#3429 = CARTESIAN_POINT('',(0.,39.,0.));
#3430 = VECTOR('',#3431,1.);
#3431 = DIRECTION('',(1.,0.,0.));
#3432 = PCURVE('',#3250,#3433);
#3433 = DEFINITIONAL_REPRESENTATION('',(#3434),#3438);
#3434 = LINE('',#3435,#3436);
#3435 = CARTESIAN_POINT('',(30.,0.));
#3436 = VECTOR('',#3437,1.);
#3437 = DIRECTION('',(1.,0.));
#3438 = ( GEOMETRIC_REPRESENTATION_CONTEXT(2) 
PARAMETRIC_REPRESENTATION_CONTEXT() REPRESENTATION_CONTEXT('2D SPACE',''
  ) );
#3439 = PCURVE('',#3223,#3440);
#3440 = DEFINITIONAL_REPRESENTATION('',(#3441),#3445);
#3441 = LINE('',#3442,#3443);
#3442 = CARTESIAN_POINT('',(0.,31.));
#3443 = VECTOR('',#3444,1.);
#3444 = DIRECTION('',(1.,0.));
#3445 = ( GEOMETRIC_REPRESENTATION_CONTEXT(2) 
PARAMETRIC_REPRESENTATION_CONTEXT() REPRESENTATION_CONTEXT('2D SPACE',''
  ) );
#3446 = ORIENTED_EDGE('',*,*,#3234,.F.);
#3447 = ORIENTED_EDGE('',*,*,#3396,.T.);
#3448 = ORIENTED_EDGE('',*,*,#3449,.F.);
#3449 = EDGE_CURVE('',#3425,#3368,#3450,.T.);
#3450 = SURFACE_CURVE('',#3451,(#3455,#3462),.PCURVE_S1.);
#3451 = LINE('',#3452,#3453);
#3452 = CARTESIAN_POINT('',(30.,39.,0.));
#3453 = VECTOR('',#3454,1.);
#3454 = DIRECTION('',(0.,0.,1.));
#3455 = PCURVE('',#3250,#3456);
#3456 = DEFINITIONAL_REPRESENTATION('',(#3457),#3461);
#3457 = LINE('',#3458,#3459);
#3458 = CARTESIAN_POINT('',(60.,0.));
#3459 = VECTOR('',#3460,1.);
#3460 = DIRECTION('',(0.,-1.));
#3461 = ( GEOMETRIC_REPRESENTATION_CONTEXT(2) 
PARAMETRIC_REPRESENTATION_CONTEXT() REPRESENTATION_CONTEXT('2D SPACE',''
  ) );
#3462 = PCURVE('',#3384,#3463);
#3463 = DEFINITIONAL_REPRESENTATION('',(#3464),#3468);
#3464 = LINE('',#3465,#3466);
#3465 = CARTESIAN_POINT('',(-1.570796326795,0.));
#3466 = VECTOR('',#3467,1.);
#3467 = DIRECTION('',(-0.,-1.));
#3468 = ( GEOMETRIC_REPRESENTATION_CONTEXT(2) 
PARAMETRIC_REPRESENTATION_CONTEXT() REPRESENTATION_CONTEXT('2D SPACE',''
  ) );
#3469 = ADVANCED_FACE('',(#3470),#3384,.T.);
#3470 = FACE_BOUND('',#3471,.F.);
#3471 = EDGE_LOOP('',(#3472,#3495,#3496,#3497));
#3472 = ORIENTED_EDGE('',*,*,#3473,.T.);
#3473 = EDGE_CURVE('',#3474,#3340,#3476,.T.);
#3474 = VERTEX_POINT('',#3475);
#3475 = CARTESIAN_POINT('',(38.,31.,0.));
#3476 = SURFACE_CURVE('',#3477,(#3481,#3488),.PCURVE_S1.);
#3477 = LINE('',#3478,#3479);
#3478 = CARTESIAN_POINT('',(38.,31.,0.));
#3479 = VECTOR('',#3480,1.);
#3480 = DIRECTION('',(0.,0.,1.));
#3481 = PCURVE('',#3384,#3482);
#3482 = DEFINITIONAL_REPRESENTATION('',(#3483),#3487);
#3483 = LINE('',#3484,#3485);
#3484 = CARTESIAN_POINT('',(-0.,0.));
#3485 = VECTOR('',#3486,1.);
#3486 = DIRECTION('',(-0.,-1.));
#3487 = ( GEOMETRIC_REPRESENTATION_CONTEXT(2) 
PARAMETRIC_REPRESENTATION_CONTEXT() REPRESENTATION_CONTEXT('2D SPACE',''
  ) );
#3488 = PCURVE('',#3355,#3489);
#3489 = DEFINITIONAL_REPRESENTATION('',(#3490),#3494);
#3490 = LINE('',#3491,#3492);
#3491 = CARTESIAN_POINT('',(46.,0.));
#3492 = VECTOR('',#3493,1.);
#3493 = DIRECTION('',(0.,-1.));
#3494 = ( GEOMETRIC_REPRESENTATION_CONTEXT(2) 
PARAMETRIC_REPRESENTATION_CONTEXT() REPRESENTATION_CONTEXT('2D SPACE',''
  ) );
#3495 = ORIENTED_EDGE('',*,*,#3367,.T.);
#3496 = ORIENTED_EDGE('',*,*,#3449,.F.);
#3497 = ORIENTED_EDGE('',*,*,#3498,.F.);
#3498 = EDGE_CURVE('',#3474,#3425,#3499,.T.);
#3499 = SURFACE_CURVE('',#3500,(#3505,#3512),.PCURVE_S1.);
#3500 = CIRCLE('',#3501,8.);
#3501 = AXIS2_PLACEMENT_3D('',#3502,#3503,#3504);
#3502 = CARTESIAN_POINT('',(30.,31.,0.));
#3503 = DIRECTION('',(0.,0.,1.));
#3504 = DIRECTION('',(1.,0.,0.));
#3505 = PCURVE('',#3384,#3506);
#3506 = DEFINITIONAL_REPRESENTATION('',(#3507),#3511);
#3507 = LINE('',#3508,#3509);
#3508 = CARTESIAN_POINT('',(-0.,0.));
#3509 = VECTOR('',#3510,1.);
#3510 = DIRECTION('',(-1.,0.));
#3511 = ( GEOMETRIC_REPRESENTATION_CONTEXT(2) 
PARAMETRIC_REPRESENTATION_CONTEXT() REPRESENTATION_CONTEXT('2D SPACE',''
  ) );
#3512 = PCURVE('',#3223,#3513);
#3513 = DEFINITIONAL_REPRESENTATION('',(#3514),#3518);
#3514 = CIRCLE('',#3515,8.);
#3515 = AXIS2_PLACEMENT_2D('',#3516,#3517);
#3516 = CARTESIAN_POINT('',(30.,23.));
#3517 = DIRECTION('',(1.,0.));
#3518 = ( GEOMETRIC_REPRESENTATION_CONTEXT(2) 
PARAMETRIC_REPRESENTATION_CONTEXT() REPRESENTATION_CONTEXT('2D SPACE',''
  ) );
#3519 = ADVANCED_FACE('',(#3520),#3355,.F.);
#3520 = FACE_BOUND('',#3521,.F.);
#3521 = EDGE_LOOP('',(#3522,#3545,#3546,#3547));
#3522 = ORIENTED_EDGE('',*,*,#3523,.T.);
#3523 = EDGE_CURVE('',#3524,#3311,#3526,.T.);
#3524 = VERTEX_POINT('',#3525);
#3525 = CARTESIAN_POINT('',(38.,-15.,0.));
#3526 = SURFACE_CURVE('',#3527,(#3531,#3538),.PCURVE_S1.);
#3527 = LINE('',#3528,#3529);
#3528 = CARTESIAN_POINT('',(38.,-15.,0.));
#3529 = VECTOR('',#3530,1.);
#3530 = DIRECTION('',(0.,0.,1.));
#3531 = PCURVE('',#3355,#3532);
#3532 = DEFINITIONAL_REPRESENTATION('',(#3533),#3537);
#3533 = LINE('',#3534,#3535);
#3534 = CARTESIAN_POINT('',(0.,0.));
#3535 = VECTOR('',#3536,1.);
#3536 = DIRECTION('',(0.,-1.));
#3537 = ( GEOMETRIC_REPRESENTATION_CONTEXT(2) 
PARAMETRIC_REPRESENTATION_CONTEXT() REPRESENTATION_CONTEXT('2D SPACE',''
  ) );
#3538 = PCURVE('',#3327,#3539);
#3539 = DEFINITIONAL_REPRESENTATION('',(#3540),#3544);
#3540 = LINE('',#3541,#3542);
#3541 = CARTESIAN_POINT('',(-6.28318530718,0.));
#3542 = VECTOR('',#3543,1.);
#3543 = DIRECTION('',(-0.,-1.));
#3544 = ( GEOMETRIC_REPRESENTATION_CONTEXT(2) 
PARAMETRIC_REPRESENTATION_CONTEXT() REPRESENTATION_CONTEXT('2D SPACE',''
  ) );
#3545 = ORIENTED_EDGE('',*,*,#3339,.T.);
#3546 = ORIENTED_EDGE('',*,*,#3473,.F.);
#3547 = ORIENTED_EDGE('',*,*,#3548,.F.);
#3548 = EDGE_CURVE('',#3524,#3474,#3549,.T.);
#3549 = SURFACE_CURVE('',#3550,(#3554,#3561),.PCURVE_S1.);
#3550 = LINE('',#3551,#3552);
#3551 = CARTESIAN_POINT('',(38.,8.,0.));
#3552 = VECTOR('',#3553,1.);
#3553 = DIRECTION('',(0.,1.,0.));
#3554 = PCURVE('',#3355,#3555);
#3555 = DEFINITIONAL_REPRESENTATION('',(#3556),#3560);
#3556 = LINE('',#3557,#3558);
#3557 = CARTESIAN_POINT('',(23.,0.));
#3558 = VECTOR('',#3559,1.);
#3559 = DIRECTION('',(1.,0.));
#3560 = ( GEOMETRIC_REPRESENTATION_CONTEXT(2) 
PARAMETRIC_REPRESENTATION_CONTEXT() REPRESENTATION_CONTEXT('2D SPACE',''
  ) );
#3561 = PCURVE('',#3223,#3562);
#3562 = DEFINITIONAL_REPRESENTATION('',(#3563),#3567);
#3563 = LINE('',#3564,#3565);
#3564 = CARTESIAN_POINT('',(38.,0.));
#3565 = VECTOR('',#3566,1.);
#3566 = DIRECTION('',(0.,1.));
#3567 = ( GEOMETRIC_REPRESENTATION_CONTEXT(2) 
PARAMETRIC_REPRESENTATION_CONTEXT() REPRESENTATION_CONTEXT('2D SPACE',''
  ) );
#3568 = ADVANCED_FACE('',(#3569),#3327,.T.);
#3569 = FACE_BOUND('',#3570,.F.);
#3570 = EDGE_LOOP('',(#3571,#3594,#3595,#3596));
#3571 = ORIENTED_EDGE('',*,*,#3572,.T.);
#3572 = EDGE_CURVE('',#3573,#3288,#3575,.T.);
#3573 = VERTEX_POINT('',#3574);
#3574 = CARTESIAN_POINT('',(30.,-23.,0.));
#3575 = SURFACE_CURVE('',#3576,(#3580,#3587),.PCURVE_S1.);
#3576 = LINE('',#3577,#3578);
#3577 = CARTESIAN_POINT('',(30.,-23.,0.));
#3578 = VECTOR('',#3579,1.);
#3579 = DIRECTION('',(0.,0.,1.));
#3580 = PCURVE('',#3327,#3581);
#3581 = DEFINITIONAL_REPRESENTATION('',(#3582),#3586);
#3582 = LINE('',#3583,#3584);
#3583 = CARTESIAN_POINT('',(-4.712388980385,0.));
#3584 = VECTOR('',#3585,1.);
#3585 = DIRECTION('',(-0.,-1.));
#3586 = ( GEOMETRIC_REPRESENTATION_CONTEXT(2) 
PARAMETRIC_REPRESENTATION_CONTEXT() REPRESENTATION_CONTEXT('2D SPACE',''
  ) );
#3587 = PCURVE('',#3196,#3588);
#3588 = DEFINITIONAL_REPRESENTATION('',(#3589),#3593);
#3589 = LINE('',#3590,#3591);
#3590 = CARTESIAN_POINT('',(60.,0.));
#3591 = VECTOR('',#3592,1.);
#3592 = DIRECTION('',(0.,-1.));
#3593 = ( GEOMETRIC_REPRESENTATION_CONTEXT(2) 
PARAMETRIC_REPRESENTATION_CONTEXT() REPRESENTATION_CONTEXT('2D SPACE',''
  ) );
#3594 = ORIENTED_EDGE('',*,*,#3310,.T.);
#3595 = ORIENTED_EDGE('',*,*,#3523,.F.);
#3596 = ORIENTED_EDGE('',*,*,#3597,.F.);
#3597 = EDGE_CURVE('',#3573,#3524,#3598,.T.);
#3598 = SURFACE_CURVE('',#3599,(#3604,#3611),.PCURVE_S1.);
#3599 = CIRCLE('',#3600,8.);
#3600 = AXIS2_PLACEMENT_3D('',#3601,#3602,#3603);
#3601 = CARTESIAN_POINT('',(30.,-15.,0.));
#3602 = DIRECTION('',(0.,0.,1.));
#3603 = DIRECTION('',(1.,0.,0.));
#3604 = PCURVE('',#3327,#3605);
#3605 = DEFINITIONAL_REPRESENTATION('',(#3606),#3610);
#3606 = LINE('',#3607,#3608);
#3607 = CARTESIAN_POINT('',(-0.,0.));
#3608 = VECTOR('',#3609,1.);
#3609 = DIRECTION('',(-1.,0.));
#3610 = ( GEOMETRIC_REPRESENTATION_CONTEXT(2) 
PARAMETRIC_REPRESENTATION_CONTEXT() REPRESENTATION_CONTEXT('2D SPACE',''
  ) );
#3611 = PCURVE('',#3223,#3612);
#3612 = DEFINITIONAL_REPRESENTATION('',(#3613),#3617);
#3613 = CIRCLE('',#3614,8.);
#3614 = AXIS2_PLACEMENT_2D('',#3615,#3616);
#3615 = CARTESIAN_POINT('',(30.,-23.));
#3616 = DIRECTION('',(1.,0.));
#3617 = ( GEOMETRIC_REPRESENTATION_CONTEXT(2) 
PARAMETRIC_REPRESENTATION_CONTEXT() REPRESENTATION_CONTEXT('2D SPACE',''
  ) );
#3618 = ADVANCED_FACE('',(#3619),#3196,.F.);
#3619 = FACE_BOUND('',#3620,.F.);
#3620 = EDGE_LOOP('',(#3621,#3642,#3643,#3644));
#3621 = ORIENTED_EDGE('',*,*,#3622,.F.);
#3622 = EDGE_CURVE('',#3181,#3573,#3623,.T.);
#3623 = SURFACE_CURVE('',#3624,(#3628,#3635),.PCURVE_S1.);
#3624 = LINE('',#3625,#3626);
#3625 = CARTESIAN_POINT('',(0.,-23.,0.));
#3626 = VECTOR('',#3627,1.);
#3627 = DIRECTION('',(1.,0.,0.));
#3628 = PCURVE('',#3196,#3629);
#3629 = DEFINITIONAL_REPRESENTATION('',(#3630),#3634);
#3630 = LINE('',#3631,#3632);
#3631 = CARTESIAN_POINT('',(30.,0.));
#3632 = VECTOR('',#3633,1.);
#3633 = DIRECTION('',(1.,0.));
#3634 = ( GEOMETRIC_REPRESENTATION_CONTEXT(2) 
PARAMETRIC_REPRESENTATION_CONTEXT() REPRESENTATION_CONTEXT('2D SPACE',''
  ) );
#3635 = PCURVE('',#3223,#3636);
#3636 = DEFINITIONAL_REPRESENTATION('',(#3637),#3641);
#3637 = LINE('',#3638,#3639);
#3638 = CARTESIAN_POINT('',(0.,-31.));
#3639 = VECTOR('',#3640,1.);
#3640 = DIRECTION('',(1.,0.));
#3641 = ( GEOMETRIC_REPRESENTATION_CONTEXT(2) 
PARAMETRIC_REPRESENTATION_CONTEXT() REPRESENTATION_CONTEXT('2D SPACE',''
  ) );
#3642 = ORIENTED_EDGE('',*,*,#3180,.F.);
#3643 = ORIENTED_EDGE('',*,*,#3287,.T.);
#3644 = ORIENTED_EDGE('',*,*,#3572,.F.);
#3645 = ADVANCED_FACE('',(#3646),#3223,.F.);
#3646 = FACE_BOUND('',#3647,.F.);
#3647 = EDGE_LOOP('',(#3648,#3649,#3650,#3651,#3652,#3653));
#3648 = ORIENTED_EDGE('',*,*,#3207,.F.);
#3649 = ORIENTED_EDGE('',*,*,#3622,.T.);
#3650 = ORIENTED_EDGE('',*,*,#3597,.T.);
#3651 = ORIENTED_EDGE('',*,*,#3548,.T.);
#3652 = ORIENTED_EDGE('',*,*,#3498,.T.);
#3653 = ORIENTED_EDGE('',*,*,#3424,.F.);
#3654 = ( GEOMETRIC_REPRESENTATION_CONTEXT(3) 
GLOBAL_UNCERTAINTY_ASSIGNED_CONTEXT((#3658)) 
GLOBAL_UNIT_ASSIGNED_CONTEXT((#3655,#3656,#3657)) REPRESENTATION_CONTEXT
('Context #1','3D Context with UNIT and UNCERTAINTY') );
#3655 = ( LENGTH_UNIT() NAMED_UNIT(*) SI_UNIT(.MILLI.,.METRE.) );
#3656 = ( NAMED_UNIT(*) PLANE_ANGLE_UNIT() SI_UNIT($,.RADIAN.) );
#3657 = ( NAMED_UNIT(*) SI_UNIT($,.STERADIAN.) SOLID_ANGLE_UNIT() );
#3658 = UNCERTAINTY_MEASURE_WITH_UNIT(LENGTH_MEASURE(1.E-07),#3655,
  'distance_accuracy_value','confusion accuracy');
#3659 = PRODUCT_RELATED_PRODUCT_CATEGORY('part',$,(#7));
ENDSEC;
END-ISO-10303-21;
